state_id,geometry_id,structure_id,config,family,role,U_V,TARGETMU_eV,reason
T-4x4__relaxed__mu-5.4071,T-4x4__relaxed__b9c0f7f02476,T-4x4,relaxed,flat Au(111),base_reference,0.4997,-5.4071,accepted relaxation; all available potentials
T-4x4__relaxed__mu-5.1071,T-4x4__relaxed__b9c0f7f02476,T-4x4,relaxed,flat Au(111),base_reference,0.2008,-5.1071,accepted relaxation; all available potentials
T-4x4__relax__mu-4.9071,T-4x4__relaxed__b9c0f7f02476,T-4x4,relaxed,flat Au(111),base_reference,0.0009,-4.9071,accepted relaxation; all available potentials
T-4x4__relaxed__mu-4.7071,T-4x4__relaxed__b9c0f7f02476,T-4x4,relaxed,flat Au(111),base_reference,-0.1993,-4.7071,accepted relaxation; all available potentials
T-4x4__relaxed__mu-4.4071,T-4x4__relaxed__b9c0f7f02476,T-4x4,relaxed,flat Au(111),base_reference,-0.5049,-4.4071,accepted relaxation; all available potentials
V1__relaxed__mu-5.4071,V1__relaxed__78c3205fdd5e,V1,relaxed,point defect,base_reference,0.4997,-5.4071,accepted relaxation; all available potentials
V1__relaxed__mu-5.1071,V1__relaxed__78c3205fdd5e,V1,relaxed,point defect,base_reference,0.2008,-5.1071,accepted relaxation; all available potentials
V1__relax__mu-4.9071,V1__relaxed__78c3205fdd5e,V1,relaxed,point defect,base_reference,-0.0004,-4.9071,accepted relaxation; all available potentials
V1__relaxed__mu-4.7071,V1__relaxed__78c3205fdd5e,V1,relaxed,point defect,base_reference,-0.1995,-4.7071,accepted relaxation; all available potentials
V1__relaxed__mu-4.4071,V1__relaxed__78c3205fdd5e,V1,relaxed,point defect,base_reference,-0.5084,-4.4071,accepted relaxation; all available potentials
A1-fcc__relaxed__mu-5.4071,A1-fcc__relaxed__e7fadb33a876,A1-fcc,relaxed,point defect,base_reference,0.4988,-5.4071,accepted relaxation; all available potentials
A1-fcc__relaxed__mu-5.1071,A1-fcc__relaxed__e7fadb33a876,A1-fcc,relaxed,point defect,base_reference,0.2049,-5.1071,accepted relaxation; all available potentials
A1-fcc__relax__mu-4.9071,A1-fcc__relaxed__e7fadb33a876,A1-fcc,relaxed,point defect,base_reference,-0.0001,-4.9071,accepted relaxation; all available potentials
A1-fcc__relaxed__mu-4.7071,A1-fcc__relaxed__e7fadb33a876,A1-fcc,relaxed,point defect,base_reference,-0.2,-4.7071,accepted relaxation; all available potentials
A1-fcc__relaxed__mu-4.4071,A1-fcc__relaxed__e7fadb33a876,A1-fcc,relaxed,point defect,base_reference,-0.5049,-4.4071,accepted relaxation; all available potentials
A1-hcp__relaxed__mu-5.4071,A1-hcp__relaxed__723e5d5fa1ac,A1-hcp,relaxed,point defect,base_reference,0.4988,-5.4071,accepted relaxation; all available potentials
A1-hcp__relaxed__mu-5.1071,A1-hcp__relaxed__723e5d5fa1ac,A1-hcp,relaxed,point defect,base_reference,0.2047,-5.1071,accepted relaxation; all available potentials
A1-hcp__relax__mu-4.9071,A1-hcp__relaxed__723e5d5fa1ac,A1-hcp,relaxed,point defect,base_reference,0.0006,-4.9071,accepted relaxation; all available potentials
A1-hcp__relaxed__mu-4.7071,A1-hcp__relaxed__723e5d5fa1ac,A1-hcp,relaxed,point defect,base_reference,-0.2001,-4.7071,accepted relaxation; all available potentials
A1-hcp__relaxed__mu-4.4071,A1-hcp__relaxed__723e5d5fa1ac,A1-hcp,relaxed,point defect,base_reference,-0.505,-4.4071,accepted relaxation; all available potentials
Step-8x2__relaxed__mu-5.4071,Step-8x2__relaxed__b3d8731e142a,Step-8x2,relaxed,strip step,base_reference,0.4997,-5.4071,accepted relaxation; all available potentials
Step-8x2__relaxed__mu-5.1071,Step-8x2__relaxed__b3d8731e142a,Step-8x2,relaxed,strip step,base_reference,0.1999,-5.1071,accepted relaxation; all available potentials
Step-8x2__relax__mu-4.9071,Step-8x2__relaxed__b3d8731e142a,Step-8x2,relaxed,strip step,base_reference,0.0005,-4.9071,accepted relaxation; all available potentials
Step-8x2__relaxed__mu-4.7071,Step-8x2__relaxed__b3d8731e142a,Step-8x2,relaxed,strip step,base_reference,-0.2006,-4.7071,accepted relaxation; all available potentials
Step-8x2__relaxed__mu-4.4071,Step-8x2__relaxed__b3d8731e142a,Step-8x2,relaxed,strip step,base_reference,-0.4992,-4.4071,accepted relaxation; all available potentials
Step-16x1__ideal__mu-5.4071,Step-16x1__ideal__67e1e6a91868,Step-16x1,ideal,strip step,base_reference,0.4996,-5.4071,no accepted relaxation; ideal geometry; all available potentials
Step-16x1__ideal__mu-5.1071,Step-16x1__ideal__67e1e6a91868,Step-16x1,ideal,strip step,base_reference,0.2004,-5.1071,no accepted relaxation; ideal geometry; all available potentials
Step-16x1__ideal__mu-4.9071,Step-16x1__ideal__67e1e6a91868,Step-16x1,ideal,strip step,base_reference,-0.0001,-4.9071,no accepted relaxation; ideal geometry; all available potentials
Step-16x1__ideal__mu-4.7071,Step-16x1__ideal__67e1e6a91868,Step-16x1,ideal,strip step,base_reference,-0.1999,-4.7071,no accepted relaxation; ideal geometry; all available potentials
Step-16x1__ideal__mu-4.4071,Step-16x1__ideal__67e1e6a91868,Step-16x1,ideal,strip step,base_reference,-0.4994,-4.4071,no accepted relaxation; ideal geometry; all available potentials
Au211__relaxed__mu-5.4071,Au211__relaxed__3dd70f0d1731,Au211,relaxed,vicinal step face,base_reference,0.4997,-5.4071,accepted relaxation; all available potentials
Au211__relaxed__mu-5.1071,Au211__relaxed__3dd70f0d1731,Au211,relaxed,vicinal step face,base_reference,0.2,-5.1071,accepted relaxation; all available potentials
Au211__relax__mu-4.9071,Au211__relaxed__3dd70f0d1731,Au211,relaxed,vicinal step face,base_reference,0.0001,-4.9071,accepted relaxation; all available potentials
Au211__relaxed__mu-4.7071,Au211__relaxed__3dd70f0d1731,Au211,relaxed,vicinal step face,base_reference,-0.2002,-4.7071,accepted relaxation; all available potentials
Au211__relaxed__mu-4.4071,Au211__relaxed__3dd70f0d1731,Au211,relaxed,vicinal step face,base_reference,-0.4997,-4.4071,accepted relaxation; all available potentials
Au221__relaxed__mu-5.4071,Au221__relaxed__2c9b21891782,Au221,relaxed,vicinal step face,base_reference,0.4997,-5.4071,accepted relaxation; all available potentials
Au221__relaxed__mu-5.1071,Au221__relaxed__2c9b21891782,Au221,relaxed,vicinal step face,base_reference,0.1994,-5.1071,accepted relaxation; all available potentials
Au221__relax__mu-4.9071,Au221__relaxed__2c9b21891782,Au221,relaxed,vicinal step face,base_reference,0.0004,-4.9071,accepted relaxation; all available potentials
Au221__relaxed__mu-4.7071,Au221__relaxed__2c9b21891782,Au221,relaxed,vicinal step face,base_reference,-0.1994,-4.7071,accepted relaxation; all available potentials
Au221__relaxed__mu-4.4071,Au221__relaxed__2c9b21891782,Au221,relaxed,vicinal step face,base_reference,-0.5075,-4.4071,accepted relaxation; all available potentials
Kink-edge1__relaxed__mu-5.4071,Kink-edge1__relaxed__e391de3e71c6,Kink-edge1,relaxed,kink / edge rearrangement,base_reference,0.4996,-5.4071,accepted relaxation; all available potentials
Kink-edge1__relaxed__mu-5.1071,Kink-edge1__relaxed__e391de3e71c6,Kink-edge1,relaxed,kink / edge rearrangement,base_reference,0.2008,-5.1071,accepted relaxation; all available potentials
Kink-edge1__relax__mu-4.9071,Kink-edge1__relaxed__e391de3e71c6,Kink-edge1,relaxed,kink / edge rearrangement,base_reference,0.0002,-4.9071,accepted relaxation; all available potentials
Kink-edge1__relaxed__mu-4.7071,Kink-edge1__relaxed__e391de3e71c6,Kink-edge1,relaxed,kink / edge rearrangement,base_reference,-0.2006,-4.7071,accepted relaxation; all available potentials
Kink-edge1__relaxed__mu-4.4071,Kink-edge1__relaxed__e391de3e71c6,Kink-edge1,relaxed,kink / edge rearrangement,base_reference,-0.4991,-4.4071,accepted relaxation; all available potentials
Kink-edge2__relaxed__mu-5.4071,Kink-edge2__relaxed__80d54de622fb,Kink-edge2,relaxed,kink / edge rearrangement,base_reference,0.4999,-5.4071,accepted relaxation; all available potentials
Kink-edge2__relaxed__mu-5.1071,Kink-edge2__relaxed__80d54de622fb,Kink-edge2,relaxed,kink / edge rearrangement,base_reference,0.2009,-5.1071,accepted relaxation; all available potentials
Kink-edge2__relax__mu-4.9071,Kink-edge2__relaxed__80d54de622fb,Kink-edge2,relaxed,kink / edge rearrangement,base_reference,0.0001,-4.9071,accepted relaxation; all available potentials
Kink-edge2__relaxed__mu-4.7071,Kink-edge2__relaxed__80d54de622fb,Kink-edge2,relaxed,kink / edge rearrangement,base_reference,-0.2007,-4.7071,accepted relaxation; all available potentials
Kink-edge2__relaxed__mu-4.4071,Kink-edge2__relaxed__80d54de622fb,Kink-edge2,relaxed,kink / edge rearrangement,base_reference,-0.4999,-4.4071,accepted relaxation; all available potentials
Island-7-compact__relaxed__mu-5.4071,Island-7-compact__relaxed__614901df79c8,Island-7-compact,relaxed,single-layer island,base_reference,0.4999,-5.4071,accepted relaxation; all available potentials
Island-7-compact__relaxed__mu-5.1071,Island-7-compact__relaxed__614901df79c8,Island-7-compact,relaxed,single-layer island,base_reference,0.2006,-5.1071,accepted relaxation; all available potentials
Island-7-compact__relax__mu-4.9071,Island-7-compact__relaxed__614901df79c8,Island-7-compact,relaxed,single-layer island,base_reference,-0.0,-4.9071,accepted relaxation; all available potentials
Island-7-compact__relaxed__mu-4.7071,Island-7-compact__relaxed__614901df79c8,Island-7-compact,relaxed,single-layer island,base_reference,-0.1991,-4.7071,accepted relaxation; all available potentials
Island-7-compact__relaxed__mu-4.4071,Island-7-compact__relaxed__614901df79c8,Island-7-compact,relaxed,single-layer island,base_reference,-0.5044,-4.4071,accepted relaxation; all available potentials
Island-7-elongated__relaxed__mu-5.4071,Island-7-elongated__relaxed__5ffe92cd92bc,Island-7-elongated,relaxed,single-layer island,base_reference,0.4999,-5.4071,accepted relaxation; all available potentials
Island-7-elongated__relaxed__mu-5.1071,Island-7-elongated__relaxed__5ffe92cd92bc,Island-7-elongated,relaxed,single-layer island,base_reference,0.1994,-5.1071,accepted relaxation; all available potentials
Island-7-elongated__relax__mu-4.9071,Island-7-elongated__relaxed__5ffe92cd92bc,Island-7-elongated,relaxed,single-layer island,base_reference,-0.0001,-4.9071,accepted relaxation; all available potentials
Island-7-elongated__relaxed__mu-4.7071,Island-7-elongated__relaxed__5ffe92cd92bc,Island-7-elongated,relaxed,single-layer island,base_reference,-0.1974,-4.7071,accepted relaxation; all available potentials
Island-7-elongated__relaxed__mu-4.4071,Island-7-elongated__relaxed__5ffe92cd92bc,Island-7-elongated,relaxed,single-layer island,base_reference,-0.5042,-4.4071,accepted relaxation; all available potentials
Pit-7-compact__relaxed__mu-5.4071,Pit-7-compact__relaxed__1bcf7939bdf0,Pit-7-compact,relaxed,single-layer pit,base_reference,0.4999,-5.4071,accepted relaxation; all available potentials
Pit-7-compact__relaxed__mu-5.1071,Pit-7-compact__relaxed__1bcf7939bdf0,Pit-7-compact,relaxed,single-layer pit,base_reference,0.2016,-5.1071,accepted relaxation; all available potentials
Pit-7-compact__relax__mu-4.9071,Pit-7-compact__relaxed__1bcf7939bdf0,Pit-7-compact,relaxed,single-layer pit,base_reference,-0.0001,-4.9071,accepted relaxation; all available potentials
Pit-7-compact__relaxed__mu-4.7071,Pit-7-compact__relaxed__1bcf7939bdf0,Pit-7-compact,relaxed,single-layer pit,base_reference,-0.1983,-4.7071,accepted relaxation; all available potentials
Pit-7-compact__relaxed__mu-4.4071,Pit-7-compact__relaxed__1bcf7939bdf0,Pit-7-compact,relaxed,single-layer pit,base_reference,-0.5042,-4.4071,accepted relaxation; all available potentials
Pit-7-trench__relaxed__mu-5.4071,Pit-7-trench__relaxed__daccffa4603d,Pit-7-trench,relaxed,single-layer pit,base_reference,0.4999,-5.4071,accepted relaxation; all available potentials
Pit-7-trench__relaxed__mu-5.1071,Pit-7-trench__relaxed__daccffa4603d,Pit-7-trench,relaxed,single-layer pit,base_reference,0.2004,-5.1071,accepted relaxation; all available potentials
Pit-7-trench__relax__mu-4.9071,Pit-7-trench__relaxed__daccffa4603d,Pit-7-trench,relaxed,single-layer pit,base_reference,0.0001,-4.9071,accepted relaxation; all available potentials
Pit-7-trench__relaxed__mu-4.7071,Pit-7-trench__relaxed__daccffa4603d,Pit-7-trench,relaxed,single-layer pit,base_reference,-0.1976,-4.7071,accepted relaxation; all available potentials
Pit-7-trench__relaxed__mu-4.4071,Pit-7-trench__relaxed__daccffa4603d,Pit-7-trench,relaxed,single-layer pit,base_reference,-0.5057,-4.4071,accepted relaxation; all available potentials
R1-hcp-terminated__relaxed__mu-5.4071,R1-hcp-terminated__relaxed__5c49a765e8c4,R1-hcp-terminated,relaxed,reconstruction-related,base_reference,0.4997,-5.4071,accepted relaxation; hcp-like 16/16 surface atoms after relaxation; all available potentials
R1-hcp-terminated__relaxed__mu-5.1071,R1-hcp-terminated__relaxed__5c49a765e8c4,R1-hcp-terminated,relaxed,reconstruction-related,base_reference,0.2009,-5.1071,accepted relaxation; hcp-like 16/16 surface atoms after relaxation; all available potentials
R1-hcp-terminated__relax__mu-4.9071,R1-hcp-terminated__relaxed__5c49a765e8c4,R1-hcp-terminated,relaxed,reconstruction-related,base_reference,0.0,-4.9071,accepted relaxation; hcp-like 16/16 surface atoms after relaxation; all available potentials
R1-hcp-terminated__relaxed__mu-4.7071,R1-hcp-terminated__relaxed__5c49a765e8c4,R1-hcp-terminated,relaxed,reconstruction-related,base_reference,-0.1993,-4.7071,accepted relaxation; hcp-like 16/16 surface atoms after relaxation; all available potentials
R1-hcp-terminated__relaxed__mu-4.4071,R1-hcp-terminated__relaxed__5c49a765e8c4,R1-hcp-terminated,relaxed,reconstruction-related,base_reference,-0.504,-4.4071,accepted relaxation; hcp-like 16/16 surface atoms after relaxation; all available potentials
R2-stripe-wall__relaxed__mu-5.4071,R2-stripe-wall__relaxed__f043d8bcdd7f,R2-stripe-wall,relaxed,reconstruction-related,base_reference,0.5067,-5.4071,accepted relaxation; fcc-like 6 / transition 6 / hcp-like 6 of 18; all available potentials
R2-stripe-wall__relaxed__mu-5.1071,R2-stripe-wall__relaxed__f043d8bcdd7f,R2-stripe-wall,relaxed,reconstruction-related,base_reference,0.1998,-5.1071,accepted relaxation; fcc-like 6 / transition 6 / hcp-like 6 of 18; all available potentials
R2-stripe-wall__relax__mu-4.9071,R2-stripe-wall__relaxed__f043d8bcdd7f,R2-stripe-wall,relaxed,reconstruction-related,base_reference,-0.0,-4.9071,accepted relaxation; fcc-like 6 / transition 6 / hcp-like 6 of 18; all available potentials
R2-stripe-wall__relaxed__mu-4.7071,R2-stripe-wall__relaxed__f043d8bcdd7f,R2-stripe-wall,relaxed,reconstruction-related,base_reference,-0.1978,-4.7071,accepted relaxation; fcc-like 6 / transition 6 / hcp-like 6 of 18; all available potentials
R2-stripe-wall__relaxed__mu-4.4071,R2-stripe-wall__relaxed__f043d8bcdd7f,R2-stripe-wall,relaxed,reconstruction-related,base_reference,-0.5073,-4.4071,accepted relaxation; fcc-like 6 / transition 6 / hcp-like 6 of 18; all available potentials
Au221__pert05__mu-5.4071,Au221__pert05__155ae9b3e60d,Au221,pert05,vicinal step face,non_equilibrium,0.4996,-5.4071,"perturbation/collective, farthest-point pick: max displacement 0.17 A, 0 atoms moved > 0.3 A, closest contact 2.69 A, 4 under-coordinated; two outermost complete potentials"
Au221__pert05__mu-4.4071,Au221__pert05__155ae9b3e60d,Au221,pert05,vicinal step face,non_equilibrium,-0.5062,-4.4071,"perturbation/collective, farthest-point pick: max displacement 0.17 A, 0 atoms moved > 0.3 A, closest contact 2.69 A, 4 under-coordinated; two outermost complete potentials"
Au211__coll_topspacing-3pct__mu-5.4071,Au211__coll_topspacing-3pct__839eb81e72b5,Au211,coll_topspacing-3pct,vicinal step face,non_equilibrium,0.4997,-5.4071,"perturbation/collective, farthest-point pick: max displacement 0.07 A, 0 atoms moved > 0.3 A, closest contact 2.78 A, 8 under-coordinated; two outermost complete potentials"
Au211__coll_topspacing-3pct__mu-4.4071,Au211__coll_topspacing-3pct__839eb81e72b5,Au211,coll_topspacing-3pct,vicinal step face,non_equilibrium,-0.4997,-4.4071,"perturbation/collective, farthest-point pick: max displacement 0.07 A, 0 atoms moved > 0.3 A, closest contact 2.78 A, 8 under-coordinated; two outermost complete potentials"
Au211__pert10__mu-5.4071,Au211__pert10__f241e4e3a624,Au211,pert10,vicinal step face,non_equilibrium,0.4998,-5.4071,"perturbation/collective, farthest-point pick: max displacement 0.32 A, 1 atoms moved > 0.3 A, closest contact 2.67 A, 8 under-coordinated; two outermost complete potentials"
Au211__pert10__mu-4.4071,Au211__pert10__f241e4e3a624,Au211,pert10,vicinal step face,non_equilibrium,-0.4996,-4.4071,"perturbation/collective, farthest-point pick: max displacement 0.32 A, 1 atoms moved > 0.3 A, closest contact 2.67 A, 8 under-coordinated; two outermost complete potentials"
V1__coll_strain+1pct__mu-5.4071,V1__coll_strain+1pct__6d71b487daa6,V1,coll_strain+1pct,point defect,non_equilibrium,0.4997,-5.4071,"perturbation/collective, farthest-point pick: max displacement 0.19 A, 0 atoms moved > 0.3 A, closest contact 2.87 A, 6 under-coordinated; two outermost complete potentials"
V1__coll_strain+1pct__mu-4.4071,V1__coll_strain+1pct__6d71b487daa6,V1,coll_strain+1pct,point defect,non_equilibrium,-0.5092,-4.4071,"perturbation/collective, farthest-point pick: max displacement 0.19 A, 0 atoms moved > 0.3 A, closest contact 2.87 A, 6 under-coordinated; two outermost complete potentials"
R1-hcp-terminated__pert10__mu-5.4071,R1-hcp-terminated__pert10__9e9d78f478ca,R1-hcp-terminated,pert10,reconstruction-related,non_equilibrium,0.4998,-5.4071,"perturbation/collective, farthest-point pick: max displacement 0.32 A, 1 atoms moved > 0.3 A, closest contact 2.64 A, 0 under-coordinated; two outermost complete potentials"
R1-hcp-terminated__pert10__mu-4.4071,R1-hcp-terminated__pert10__9e9d78f478ca,R1-hcp-terminated,pert10,reconstruction-related,non_equilibrium,-0.5049,-4.4071,"perturbation/collective, farthest-point pick: max displacement 0.32 A, 1 atoms moved > 0.3 A, closest contact 2.64 A, 0 under-coordinated; two outermost complete potentials"
T-4x4__coll_topspacing-3pct__mu-5.4071,T-4x4__coll_topspacing-3pct__d9010df4b5dc,T-4x4,coll_topspacing-3pct,flat Au(111),non_equilibrium,0.4997,-5.4071,"perturbation/collective, farthest-point pick: max displacement 0.07 A, 0 atoms moved > 0.3 A, closest contact 2.89 A, 0 under-coordinated; two outermost complete potentials"
T-4x4__coll_topspacing-3pct__mu-4.4071,T-4x4__coll_topspacing-3pct__d9010df4b5dc,T-4x4,coll_topspacing-3pct,flat Au(111),non_equilibrium,-0.5043,-4.4071,"perturbation/collective, farthest-point pick: max displacement 0.07 A, 0 atoms moved > 0.3 A, closest contact 2.89 A, 0 under-coordinated; two outermost complete potentials"
T-4x4__pert10__mu-5.4071,T-4x4__pert10__59bc520c9795,T-4x4,pert10,flat Au(111),non_equilibrium,0.4997,-5.4071,"perturbation/collective, farthest-point pick: max displacement 0.32 A, 1 atoms moved > 0.3 A, closest contact 2.63 A, 0 under-coordinated; two outermost complete potentials"
T-4x4__pert10__mu-4.4071,T-4x4__pert10__59bc520c9795,T-4x4,pert10,flat Au(111),non_equilibrium,-0.506,-4.4071,"perturbation/collective, farthest-point pick: max displacement 0.32 A, 1 atoms moved > 0.3 A, closest contact 2.63 A, 0 under-coordinated; two outermost complete potentials"
A1-fcc__coll_topspacing-3pct__mu-5.4071,A1-fcc__coll_topspacing-3pct__cff7df59fe39,A1-fcc,coll_topspacing-3pct,point defect,non_equilibrium,0.4987,-5.4071,"perturbation/collective, farthest-point pick: max displacement 0.07 A, 0 atoms moved > 0.3 A, closest contact 2.66 A, 1 under-coordinated; two outermost complete potentials"
A1-fcc__coll_topspacing-3pct__mu-4.4071,A1-fcc__coll_topspacing-3pct__cff7df59fe39,A1-fcc,coll_topspacing-3pct,point defect,non_equilibrium,-0.506,-4.4071,"perturbation/collective, farthest-point pick: max displacement 0.07 A, 0 atoms moved > 0.3 A, closest contact 2.66 A, 1 under-coordinated; two outermost complete potentials"
A1-fcc__pert10__mu-5.4071,A1-fcc__pert10__10fb3f2d2638,A1-fcc,pert10,point defect,non_equilibrium,0.4987,-5.4071,"perturbation/collective, farthest-point pick: max displacement 0.33 A, 1 atoms moved > 0.3 A, closest contact 2.60 A, 1 under-coordinated; two outermost complete potentials"
A1-fcc__pert10__mu-4.4071,A1-fcc__pert10__10fb3f2d2638,A1-fcc,pert10,point defect,non_equilibrium,-0.5044,-4.4071,"perturbation/collective, farthest-point pick: max displacement 0.33 A, 1 atoms moved > 0.3 A, closest contact 2.60 A, 1 under-coordinated; two outermost complete potentials"
Kink-edge1__pert10__mu-5.4071,Kink-edge1__pert10__5faa30511248,Kink-edge1,pert10,kink / edge rearrangement,non_equilibrium,0.4996,-5.4071,"perturbation/collective, farthest-point pick: max displacement 0.32 A, 4 atoms moved > 0.3 A, closest contact 2.62 A, 7 under-coordinated; two outermost complete potentials"
Kink-edge1__pert10__mu-4.4071,Kink-edge1__pert10__5faa30511248,Kink-edge1,pert10,kink / edge rearrangement,non_equilibrium,-0.4991,-4.4071,"perturbation/collective, farthest-point pick: max displacement 0.32 A, 4 atoms moved > 0.3 A, closest contact 2.62 A, 7 under-coordinated; two outermost complete potentials"
Kink-edge2__pert10__mu-5.4071,Kink-edge2__pert10__678a8f2ea128,Kink-edge2,pert10,kink / edge rearrangement,non_equilibrium,0.4999,-5.4071,"perturbation/collective, farthest-point pick: max displacement 0.32 A, 1 atoms moved > 0.3 A, closest contact 2.62 A, 7 under-coordinated; two outermost complete potentials"
Kink-edge2__pert10__mu-4.4071,Kink-edge2__pert10__678a8f2ea128,Kink-edge2,pert10,kink / edge rearrangement,non_equilibrium,-0.4999,-4.4071,"perturbation/collective, farthest-point pick: max displacement 0.32 A, 1 atoms moved > 0.3 A, closest contact 2.62 A, 7 under-coordinated; two outermost complete potentials"
Pit-7-trench__pert05__mu-5.4071,Pit-7-trench__pert05__9dd87e42da5a,Pit-7-trench,pert05,single-layer pit,non_equilibrium,0.4999,-5.4071,"perturbation/collective, farthest-point pick: max displacement 0.17 A, 0 atoms moved > 0.3 A, closest contact 2.63 A, 13 under-coordinated; two outermost complete potentials"
Pit-7-trench__pert05__mu-4.4071,Pit-7-trench__pert05__9dd87e42da5a,Pit-7-trench,pert05,single-layer pit,non_equilibrium,-0.5058,-4.4071,"perturbation/collective, farthest-point pick: max displacement 0.17 A, 0 atoms moved > 0.3 A, closest contact 2.63 A, 13 under-coordinated; two outermost complete potentials"
Pit-7-trench__pert10__mu-5.4071,Pit-7-trench__pert10__a61d1d0fd32e,Pit-7-trench,pert10,single-layer pit,non_equilibrium,0.4999,-5.4071,"perturbation/collective, farthest-point pick: max displacement 0.31 A, 1 atoms moved > 0.3 A, closest contact 2.60 A, 13 under-coordinated; two outermost complete potentials"
Pit-7-trench__pert10__mu-4.4071,Pit-7-trench__pert10__a61d1d0fd32e,Pit-7-trench,pert10,single-layer pit,non_equilibrium,-0.506,-4.4071,"perturbation/collective, farthest-point pick: max displacement 0.31 A, 1 atoms moved > 0.3 A, closest contact 2.60 A, 13 under-coordinated; two outermost complete potentials"
Step-16x2__pert10__mu-5.4071,Step-16x2__pert10__430806acdf4f,Step-16x2,pert10,strip step,non_equilibrium,0.4999,-5.4071,"perturbation/collective, farthest-point pick: max displacement 0.33 A, 2 atoms moved > 0.3 A, closest contact 2.60 A, 4 under-coordinated; two outermost complete potentials"
Step-16x2__pert10__mu-4.4071,Step-16x2__pert10__430806acdf4f,Step-16x2,pert10,strip step,non_equilibrium,-0.5096,-4.4071,"perturbation/collective, farthest-point pick: max displacement 0.33 A, 2 atoms moved > 0.3 A, closest contact 2.60 A, 4 under-coordinated; two outermost complete potentials"
Island-7-compact__pert05__mu-5.4071,Island-7-compact__pert05__4bce36da1445,Island-7-compact,pert05,single-layer island,non_equilibrium,0.4999,-5.4071,"perturbation/collective, farthest-point pick: max displacement 0.17 A, 0 atoms moved > 0.3 A, closest contact 2.71 A, 6 under-coordinated; two outermost complete potentials"
Island-7-compact__pert05__mu-4.4071,Island-7-compact__pert05__4bce36da1445,Island-7-compact,pert05,single-layer island,non_equilibrium,-0.505,-4.4071,"perturbation/collective, farthest-point pick: max displacement 0.17 A, 0 atoms moved > 0.3 A, closest contact 2.71 A, 6 under-coordinated; two outermost complete potentials"
Island-7-elongated__pert10__mu-5.4071,Island-7-elongated__pert10__ffff69171c4f,Island-7-elongated,pert10,single-layer island,non_equilibrium,0.4999,-5.4071,"perturbation/collective, farthest-point pick: max displacement 0.35 A, 2 atoms moved > 0.3 A, closest contact 2.62 A, 7 under-coordinated; two outermost complete potentials"
Island-7-elongated__pert10__mu-4.4071,Island-7-elongated__pert10__ffff69171c4f,Island-7-elongated,pert10,single-layer island,non_equilibrium,-0.5044,-4.4071,"perturbation/collective, farthest-point pick: max displacement 0.35 A, 2 atoms moved > 0.3 A, closest contact 2.62 A, 7 under-coordinated; two outermost complete potentials"
A1-fcc__path_bridge__mu-5.4071,A1-fcc__path_bridge__1857661e9126,A1-fcc,path_bridge,point defect,non_equilibrium,0.4988,-5.4071,"path image, farthest-point pick: max displacement 0.84 A, 1 atoms moved > 0.3 A, closest contact 2.56 A, 1 under-coordinated; two outermost complete potentials"
A1-fcc__path_bridge__mu-4.4071,A1-fcc__path_bridge__1857661e9126,A1-fcc,path_bridge,point defect,non_equilibrium,-0.5062,-4.4071,"path image, farthest-point pick: max displacement 0.84 A, 1 atoms moved > 0.3 A, closest contact 2.56 A, 1 under-coordinated; two outermost complete potentials"
Step-8x2__path_detach2__mu-5.4071,Step-8x2__path_detach2__dd1e5ef5486e,Step-8x2,path_detach2,strip step,non_equilibrium,0.4995,-5.4071,"path image, farthest-point pick: max displacement 1.55 A, 1 atoms moved > 0.3 A, closest contact 2.44 A, 6 under-coordinated; two outermost complete potentials"
Step-8x2__path_detach2__mu-4.4071,Step-8x2__path_detach2__dd1e5ef5486e,Step-8x2,path_detach2,strip step,non_equilibrium,-0.4993,-4.4071,"path image, farthest-point pick: max displacement 1.55 A, 1 atoms moved > 0.3 A, closest contact 2.44 A, 6 under-coordinated; two outermost complete potentials"
Step-8x2__path_detach3__mu-5.4071,Step-8x2__path_detach3__c1dbd3c38fad,Step-8x2,path_detach3,strip step,non_equilibrium,0.4994,-5.4071,"path image, farthest-point pick: max displacement 2.33 A, 1 atoms moved > 0.3 A, closest contact 2.58 A, 6 under-coordinated; two outermost complete potentials"
Step-8x2__path_detach3__mu-4.4071,Step-8x2__path_detach3__c1dbd3c38fad,Step-8x2,path_detach3,strip step,non_equilibrium,-0.4994,-4.4071,"path image, farthest-point pick: max displacement 2.33 A, 1 atoms moved > 0.3 A, closest contact 2.58 A, 6 under-coordinated; two outermost complete potentials"
Kink-edge1__path_kinkmove2__mu-5.4071,Kink-edge1__path_kinkmove2__a8157b517224,Kink-edge1,path_kinkmove2,kink / edge rearrangement,non_equilibrium,0.4995,-5.4071,"path image, farthest-point pick: max displacement 2.94 A, 1 atoms moved > 0.3 A, closest contact 2.37 A, 7 under-coordinated; two outermost complete potentials"
Kink-edge1__path_kinkmove2__mu-4.4071,Kink-edge1__path_kinkmove2__a8157b517224,Kink-edge1,path_kinkmove2,kink / edge rearrangement,non_equilibrium,-0.4991,-4.4071,"path image, farthest-point pick: max displacement 2.94 A, 1 atoms moved > 0.3 A, closest contact 2.37 A, 7 under-coordinated; two outermost complete potentials"
Pit-7-compact__path_rimin1__mu-5.4071,Pit-7-compact__path_rimin1__79e45a4bab26,Pit-7-compact,path_rimin1,single-layer pit,non_equilibrium,0.4999,-5.4071,"path image, farthest-point pick: max displacement 1.47 A, 1 atoms moved > 0.3 A, closest contact 2.38 A, 15 under-coordinated; two outermost complete potentials"
Pit-7-compact__path_rimin1__mu-4.4071,Pit-7-compact__path_rimin1__79e45a4bab26,Pit-7-compact,path_rimin1,single-layer pit,non_equilibrium,-0.5043,-4.4071,"path image, farthest-point pick: max displacement 1.47 A, 1 atoms moved > 0.3 A, closest contact 2.38 A, 15 under-coordinated; two outermost complete potentials"
Pit-7-compact__path_rimin2__mu-5.4071,Pit-7-compact__path_rimin2__b7b4bea6a342,Pit-7-compact,path_rimin2,single-layer pit,non_equilibrium,0.4999,-5.4071,"path image, farthest-point pick: max displacement 2.94 A, 1 atoms moved > 0.3 A, closest contact 2.71 A, 15 under-coordinated; two outermost complete potentials"
Pit-7-compact__path_rimin2__mu-4.4071,Pit-7-compact__path_rimin2__b7b4bea6a342,Pit-7-compact,path_rimin2,single-layer pit,non_equilibrium,-0.5036,-4.4071,"path image, farthest-point pick: max displacement 2.94 A, 1 atoms moved > 0.3 A, closest contact 2.71 A, 15 under-coordinated; two outermost complete potentials"
Island-7-compact__path_detach1__mu-5.4071,Island-7-compact__path_detach1__eed8afdffd6a,Island-7-compact,path_detach1,single-layer island,non_equilibrium,0.4999,-5.4071,"path image, farthest-point pick: max displacement 1.47 A, 1 atoms moved > 0.3 A, closest contact 2.31 A, 7 under-coordinated; two outermost complete potentials"
Island-7-compact__path_detach1__mu-4.4071,Island-7-compact__path_detach1__eed8afdffd6a,Island-7-compact,path_detach1,single-layer island,non_equilibrium,-0.5044,-4.4071,"path image, farthest-point pick: max displacement 1.47 A, 1 atoms moved > 0.3 A, closest contact 2.31 A, 7 under-coordinated; two outermost complete potentials"
Island-7-compact__path_detach2__mu-5.4071,Island-7-compact__path_detach2__7155e7ceddde,Island-7-compact,path_detach2,single-layer island,non_equilibrium,0.4999,-5.4071,"path image, farthest-point pick: max displacement 2.94 A, 1 atoms moved > 0.3 A, closest contact 2.56 A, 7 under-coordinated; two outermost complete potentials"
Island-7-compact__path_detach2__mu-4.4071,Island-7-compact__path_detach2__7155e7ceddde,Island-7-compact,path_detach2,single-layer island,non_equilibrium,-0.5045,-4.4071,"path image, farthest-point pick: max displacement 2.94 A, 1 atoms moved > 0.3 A, closest contact 2.56 A, 7 under-coordinated; two outermost complete potentials"
V2__ideal__mu-5.4071,V2__ideal__6ecdc750f1be,V2,ideal,point defect,supplementary_reference,0.4997,-5.4071,"size / spacing / environment reference, one potential (U = +0.50 V, alternating sign across the twelve)"
V3__ideal__mu-4.4071,V3__ideal__282b0bf2027f,V3,ideal,point defect,supplementary_reference,-0.4994,-4.4071,"size / spacing / environment reference, one potential (U = -0.50 V, alternating sign across the twelve)"
A3__ideal__mu-5.4071,A3__ideal__0a2dc2662874,A3,ideal,point defect,supplementary_reference,0.4991,-5.4071,"size / spacing / environment reference, one potential (U = +0.50 V, alternating sign across the twelve)"
Au332__ideal__mu-4.4071,Au332__ideal__f578c9d4d6dd,Au332,ideal,vicinal step face,supplementary_reference,-0.5094,-4.4071,"size / spacing / environment reference, one potential (U = -0.51 V, alternating sign across the twelve)"
Au554__ideal__mu-5.4071,Au554__ideal__cd99673dc9eb,Au554,ideal,vicinal step face,supplementary_reference,0.5068,-5.4071,"size / spacing / environment reference, one potential (U = +0.51 V, alternating sign across the twelve)"
Step-24x1__ideal__mu-4.4071,Step-24x1__ideal__6c2e77bf24c0,Step-24x1,ideal,strip step,supplementary_reference,-0.4993,-4.4071,"size / spacing / environment reference, one potential (U = -0.50 V, alternating sign across the twelve)"
C1-island-near-step__ideal__mu-5.4071,C1-island-near-step__ideal__2486ec5338ab,C1-island-near-step,ideal,composite,supplementary_reference,0.4999,-5.4071,"size / spacing / environment reference, one potential (U = +0.50 V, alternating sign across the twelve)"
C2-island+pit__ideal__mu-4.4071,C2-island+pit__ideal__b433114f194a,C2-island+pit,ideal,composite,supplementary_reference,-0.4921,-4.4071,"size / spacing / environment reference, one potential (U = -0.49 V, alternating sign across the twelve)"
Island-7-8x8__ideal__mu-5.4071,Island-7-8x8__ideal__e73d8e4d0ca4,Island-7-8x8,ideal,single-layer island,supplementary_reference,0.5061,-5.4071,"size / spacing / environment reference, one potential (U = +0.51 V, alternating sign across the twelve)"
Island-19-8x8__ideal__mu-4.4071,Island-19-8x8__ideal__0b15ea7dd358,Island-19-8x8,ideal,single-layer island,supplementary_reference,-0.5064,-4.4071,"size / spacing / environment reference, one potential (U = -0.51 V, alternating sign across the twelve)"
Pit-7-8x8__ideal__mu-5.4071,Pit-7-8x8__ideal__5c83ee15111e,Pit-7-8x8,ideal,single-layer pit,supplementary_reference,0.496,-5.4071,"size / spacing / environment reference, one potential (U = +0.50 V, alternating sign across the twelve)"
Pit-19-8x8__ideal__mu-4.4071,Pit-19-8x8__ideal__4f0ab4b84b07,Pit-19-8x8,ideal,single-layer pit,supplementary_reference,-0.4928,-4.4071,"size / spacing / environment reference, one potential (U = -0.49 V, alternating sign across the twelve)"
