structure_id,family,tier,coordinate_source,n_atoms,movable_atoms,n_ref,n_relax,n_perturb,n_collective,n_path,mu_list,n_reusable_states,reusable_note,purpose
T-4x4,flat Au(111),main,library T.poscar (4x4x4 layers),64,top 2 layers,2,1,4,2,0,"-5.1071;-4.9071;-4.7071",0,"3 Accurate states exist (T_dUp00/dUm02/dUp02): reference group only, not the production standard",flat baseline; charging response of the ideal terrace; non-equilibrium flat configurations
Flat-16x1,flat Au(111),reference,library Flat-16x1.poscar (built 2026-09-27),64,none (ideal only),1,0,0,0,0,"-5.1071;-4.9071;-4.7071",2,"Flat16x1_muref (mu=-4.9069) and Flat16x1_dUp02 (mu=-5.0984) computed in the production config",same-cell flat baseline for the Step-16x1 family; only the -4.7071 state is new
Flat-8x2,flat Au(111),reference,to build: Step-8x2 with its 8 strip atoms removed (same recipe as Flat-16x1),64,none (ideal only),1,0,0,0,0,"-5.1071;-4.9071;-4.7071",0,"none",same-cell flat baseline for the Step-8x2 main strip
V1,point defect,main,library V1.poscar,63,top 2 layers,2,1,4,2,0,"-5.1071;-4.9071;-4.7071",0,"3 Accurate states exist: reference group only",single vacancy; charging response and forces around a missing top-layer atom
A1-fcc,point defect,main,library A1_fcc.poscar,65,top 2 layers + adatom,2,1,4,2,1,"-5.1071;-4.9071;-4.7071",0,"3 Accurate states exist: reference group only",fcc adatom; path image = adatom at the bridge site between fcc and hcp (the hcp end is A1-hcp)
A1-hcp,point defect,main,library A1_hcp.poscar,65,top 2 layers + adatom,2,1,4,2,0,"-5.1071;-4.9071;-4.7071",0,"none",hcp adatom; not a reconstruction model; end point of the A1 fcc->hcp path
V2,point defect,reference,library V2.poscar,62,none (ideal only),1,0,0,0,0,"-5.1071;-4.9071;-4.7071",0,"none",divacancy; low weight
V3,point defect,reference,library V3.poscar,61,none (ideal only),1,0,0,0,0,"-5.1071;-4.9071;-4.7071",0,"none",triangular trivacancy; low weight
A3,point defect,reference,library A3.poscar,67,none (ideal only),1,0,0,0,0,"-5.1071;-4.9071;-4.7071",0,"none",three-atom cluster; low weight
Step-8x2,strip step,main,library Step-8x2.poscar,72,top 2 base layers + strip (along-edge displacements independent),2,1,4,2,3,"-5.1071;-4.9071;-4.7071",0,"Step-8x2_muref exists in the Accurate config: reference group only",straight A/B strip edges 10 A terraces; collective = edge-row bending; path = one upper-edge atom detaching to the lower-terrace foot (3 images)
Step-16x2,strip step,main,library Step-16x2.poscar,144,top 2 base layers + strip,2,1,2,0,0,"-5.1071;-4.9071;-4.7071",0,"none",20 A terraces with along-edge-independent displacements; reduced sampling because of size
Step-8x1,strip step,reference,library Step-8x1.poscar,36,none (ideal only),1,0,0,0,0,"-5.1071;-4.9071;-4.7071",1,"Step-8x1_muref_fastcfg (mu=-4.9070) computed in the production config; 2 Accurate states are reference only",ideal minimal-period strip; width series member
Step-16x1,strip step,reference,library Step-16x1.poscar,72,none (ideal only),1,0,0,0,0,"-5.1071;-4.9071;-4.7071",2,"Step-16x1_muref_fastcfg and Step-16x1_dUp02_fastcfg computed in the production config",ideal minimal-period strip; width series member
Step-24x1,strip step,reference,library Step-24x1.poscar,108,none (ideal only),1,0,0,0,0,"-5.1071;-4.9071;-4.7071",0,"none",ideal strip 30 A terraces; width extrapolation
Au211,vicinal step face,main,library Au211.poscar,48,top 2 layers (all step-face atoms),2,1,4,2,0,"-5.1071;-4.9071;-4.7071",0,"none",A-type {100}-microfacet step face with 3-row terraces
Au221,vicinal step face,main,library Au221.poscar,72,top 2 layers,2,1,4,2,0,"-5.1071;-4.9071;-4.7071",0,"none",B-type {111}-microfacet step face representative
Au332,vicinal step face,reference,library Au332.poscar,48,none (ideal only),1,0,0,0,0,"-5.1071;-4.9071;-4.7071",0,"none",wider {111}-type terrace; same-family width check
Au554,vicinal step face,reference,library Au554.poscar,40,none (ideal only),1,0,0,0,0,"-5.1071;-4.9071;-4.7071",0,"none",widest {111}-type terrace in the library; same-family width check
Kink-A,kink / edge rearrangement,main,to build: Step-8x3 strip (base 8x3x4 = 96 + strip 12) with one extra edge atom on edge1 in one of the 3 rows,109,top 2 base layers + strip,2,1,3,0,2,"-5.1071;-4.9071;-4.7071",0,"none",kink on the edge1 row; path = kink atom moving one site along the edge (2 intermediate images); needs ny=3 period - not reducible
Kink-B,kink / edge rearrangement,main,to build: as Kink-A with the extra atom on edge2,109,top 2 base layers + strip,2,1,3,0,2,"-5.1071;-4.9071;-4.7071",0,"none",kink on the other (inequivalent) edge; same path recipe
Step-8x2+foot-adatom,kink / edge rearrangement,reference,to build: Step-8x2 + one Au adatom at the lower-terrace foot site next to edge2,73,none (ideal only),1,0,0,0,0,"-5.1071;-4.9071;-4.7071",0,"none",edge attachment environment (attached-atom end point of the Step-8x2 detachment path)
Island-7-compact,single-layer island,main,library Island-7-6x6.poscar,151,top base layer + island,2,1,2,0,2,"-5.1071;-4.9071;-4.7071",0,"none",compact 7-atom island in the 6x6 cell; path = one island-edge atom detaching to the terrace (2 images)
Island-7-elongated,single-layer island,main,to build: 7 atoms as a 2-row zigzag chain (3+4) on the 6x6 slab,151,top base layer + island,2,1,2,0,0,"-5.1071;-4.9071;-4.7071",0,"none",shape variant at equal atom count; edge-length/coordination contrast to the compact island
Island-19-8x8,single-layer island,reference,library Island-19-8x8.poscar,275,none (ideal only),1,0,0,0,0,"-5.1071;-4.9071",0,"none",size extrapolation; two states only
Island-7-8x8,single-layer island,reference,library Island-7-8x8.poscar,263,none (ideal only),1,0,0,0,0,"-4.9071",0,"none",cell-size check for Island-7 (6x6 vs 8x8) and same-cell partner of Island-19-8x8; one state
Pit-7-compact,single-layer pit,main,library V7.poscar / Pit-7,137,top base layer + pit rim,2,1,2,0,2,"-5.1071;-4.9071;-4.7071",0,"none",compact 7-vacancy pit; path = one rim atom moving into the pit (2 images)
Pit-7-trench,single-layer pit,main,to build: 7 vacancies as a 2-row zigzag trench in the 6x6 top layer,137,top base layer + pit rim,2,1,2,0,0,"-5.1071;-4.9071;-4.7071",0,"none",shape variant at equal vacancy count
Pit-19-8x8,single-layer pit,reference,library Pit-19-8x8.poscar,237,none (ideal only),1,0,0,0,0,"-5.1071;-4.9071",0,"none",size extrapolation; two states only
Pit-7-8x8,single-layer pit,reference,library Pit-7-8x8.poscar,249,none (ideal only),1,0,0,0,0,"-4.9071",0,"none",cell-size check for Pit-7 and same-cell partner of Pit-19-8x8; one state
R1-hcp-terminated,reconstruction-related,main,to build: T-4x4 with the whole top layer shifted to hcp registry (stacking fault at the surface),64,top 2 layers,2,1,2,0,0,"-5.1071;-4.9071;-4.7071",0,"none",hcp-stacked surface region as the local model of a reconstruction domain (not an adatom)
R2-stripe-wall,reconstruction-related,main,"to build: 16x1 cell, 4 base layers (64) + top layer of 17 atoms (one extra row, 6% compression) with fcc->hcp->fcc registry and two domain walls; validated by min distance >= 2.6 A, registry check, periodic closure",81,top layer + first base layer,2,1,2,0,0,"-5.1071;-4.9071;-4.7071",0,"none",stripe-reconstruction approximation (herringbone soliton walls); ny=1 keeps the walls straight - valid only without along-wall perturbations
C1-island-near-step,composite,reference,to build: Step-8x3 strip (108) + compact 7-atom island on the lower terrace 1 row from edge2,115,none (ideal only),1,0,0,0,0,"-5.1071;-4.9071",0,"none",island-step proximity environment; two states
C2-island+pit,composite,reference,to build: 6x6 slab with the compact 7-atom island and the compact 7-vacancy pit 2 rows apart (144 atoms net),144,none (ideal only),1,0,0,0,0,"-5.1071;-4.9071",0,"none",island-pit pair at fixed separation; two states
