state_id,cls,split,cell,n_atoms,kpoints,parent_id,step,cn_stratum,U_V,TARGETMU_eV,pair,repair,n_seam_affected,f_cn<=5,f_cn6-7,f_cn8-9,f_cn>=10,relief_layers,n_levels,adatom_level_ML,terrace_vacancy_ML,exposed_pit_ML,n_islands,max_island_frac,n_pits,step_density,n_unregistered,layer3_deficit
PA2_s51_f005000_a3520_8x8__U+0.31,A,test,8x8,287,2x2x1,PA2_s51,5000,cn>=10,0.31,-5.2171,,no repair needed,8,0.0,0.222,0.583,0.194,1.173,2,0.484,0.016,0.0,1,0.484,0,0.278,1,0.0
PA2_s51_f005000_a4132_10x8__U-0.45,A,test,10x8,383,2x2x1,PA2_s51,5000,cn8-9,-0.45,-4.4571,,"seam band (146 atoms) minimised; core, bottom layers and the rest of the periphery fixed; occupancy unchanged",0,0.022,0.146,0.607,0.225,1.203,2,0.787,0.0,0.0,1,0.787,0,0.292,1,0.0
PA2_s51_f010000_a4064_10x8__U-0.26,A,test,10x8,344,2x2x1,PA2_s51,10000,cn<=5,-0.26,-4.6471,pair1,no repair needed,8,0.011,0.182,0.659,0.148,1.299,2,0.312,0.012,0.0,1,0.312,0,0.239,1,0.012
PA2_s51_f010000_a4064_8x8__U-0.26,A,test,8x8,280,2x2x1,PA2_s51,10000,cn<=5,-0.26,-4.6471,pair1,no repair needed,8,0.014,0.222,0.569,0.194,1.299,2,0.391,0.016,0.0,1,0.391,0,0.292,1,0.016
PA2_s51_f086000_a3968_10x8__U+0.28,A,test,10x8,345,2x2x1,PA2_s51,86000,cn6-7,0.28,-5.1871,,no repair needed,9,0.011,0.17,0.716,0.102,1.162,2,0.312,0.012,0.0,1,0.312,0,0.239,1,0.0
PB2_s51_f005000_a4211_8x8__U-0.21,B,test,8x8,291,2x2x1,PB2_s51,5000,cn8-9,-0.21,-4.6971,,no repair needed,5,0.038,0.215,0.405,0.342,1.299,2,0.547,0.0,0.0,1,0.547,0,0.342,0,0.0
PB2_s51_f010000_a4400_8x8__U-0.42,B,test,8x8,300,2x2x1,PB2_s51,10000,cn6-7,-0.42,-4.4871,,"seam band (110 atoms) minimised; core, bottom layers and the rest of the periphery fixed; occupancy unchanged",5,0.013,0.224,0.513,0.25,1.155,2,0.703,0.016,0.0,1,0.703,0,0.382,0,0.016
PB2_s51_f082500_a3099_8x8__U-0.36,B,test,8x8,267,2x2x1,PB2_s51,82500,cn<=5,-0.36,-4.5471,,no repair needed,7,0.068,0.108,0.676,0.149,2.273,3,0.188,0.016,0.047,1,0.188,1,0.297,0,0.016
PB2_s51_f096500_a4040_10x8__U+0.31,B,test,10x8,328,2x2x1,PB2_s51,96500,cn<=5,0.31,-5.2171,pair2,no repair needed,3,0.035,0.07,0.814,0.081,1.221,2,0.125,0.012,0.0,1,0.125,0,0.163,1,0.012
PB2_s51_f096500_a4040_8x8__U+0.31,B,test,8x8,264,2x2x1,PB2_s51,96500,cn<=5,0.31,-5.2171,pair2,no repair needed,3,0.043,0.086,0.771,0.1,1.221,2,0.156,0.016,0.0,1,0.156,0,0.2,1,0.016
PC2_s51_f005000_a2467_8x8__U+0.44,C,test,8x8,216,2x2x1,PC2_s51,5000,cn>=10,0.44,-5.3471,,"seam band (60 atoms) minimised; core, bottom layers and the rest of the periphery fixed; occupancy unchanged",4,0.064,0.167,0.423,0.346,1.201,2,0.0,0.625,0.844,0,0.0,1,0.282,0,0.625
PC2_s51_f005000_a3646_8x8__U-0.07,C,test,8x8,211,2x2x1,PC2_s51,5000,cn<=5,-0.07,-4.8371,,"seam band (53 atoms) minimised; core, bottom layers and the rest of the periphery fixed; occupancy unchanged",2,0.079,0.132,0.474,0.316,1.148,2,0.0,0.703,0.891,0,0.0,1,0.237,0,0.703
PC2_s51_f010000_a2897_10x8__U-0.32,C,test,10x8,311,2x2x1,PC2_s51,10000,cn6-7,-0.32,-4.5871,,"seam band (95 atoms) minimised; core, bottom layers and the rest of the periphery fixed; occupancy unchanged",6,0.0,0.128,0.767,0.105,1.176,2,0.0,0.1,0.175,0,0.0,1,0.198,0,0.1
PC2_s51_f086000_a2769_10x8__U-0.00,C,test,10x8,303,2x2x1,PC2_s51,86000,cn<=5,-0.0,-4.9071,pair3,"seam band (93 atoms) minimised; core, bottom layers and the rest of the periphery fixed; occupancy unchanged",6,0.011,0.133,0.711,0.144,1.195,2,0.0,0.175,0.3,0,0.0,1,0.267,0,0.175
PC2_s51_f086000_a2769_8x8__U-0.00,C,test,8x8,239,2x2x1,PC2_s51,86000,cn<=5,-0.0,-4.9071,pair3,"seam band (77 atoms) minimised; core, bottom layers and the rest of the periphery fixed; occupancy unchanged",6,0.014,0.162,0.649,0.176,1.164,2,0.0,0.219,0.375,0,0.0,1,0.324,0,0.219
PD2_s51_f005000_a4565_10x8__U-0.15,D,test,10x8,352,2x2x1,PD2_s51,5000,cn<=5,-0.15,-4.7571,pair4,"seam band (133 atoms) minimised; core, bottom layers and the rest of the periphery fixed; occupancy unchanged",2,0.093,0.113,0.443,0.351,1.14,2,0.4,0.0,0.0,2,0.375,0,0.32,3,0.0
PD2_s51_f005000_a4565_8x8__U-0.15,D,test,8x8,273,2x2x1,PD2_s51,5000,cn<=5,-0.15,-4.7571,pair4,"seam band (106 atoms) minimised; core, bottom layers and the rest of the periphery fixed; occupancy unchanged",1,0.092,0.105,0.5,0.303,1.14,2,0.266,0.0,0.0,2,0.25,0,0.237,3,0.0
PD2_s51_f082500_a3440_8x8__U-0.30,D,test,8x8,302,2x2x1,PD2_s51,82500,cn6-7,-0.3,-4.6071,,no repair needed,6,0.014,0.225,0.634,0.127,1.162,2,0.797,0.062,0.0,1,0.797,0,0.423,0,0.062
PD2_s51_f082500_a3495_8x8__U+0.13,D,test,8x8,301,2x2x1,PD2_s51,82500,cn8-9,0.13,-5.0371,,"seam band (115 atoms) minimised; core, bottom layers and the rest of the periphery fixed; occupancy unchanged",4,0.0,0.221,0.506,0.273,1.24,2,0.781,0.062,0.0,1,0.781,0,0.494,0,0.062
PD2_s51_f099500_a3663_8x8__U+0.34,D,test,8x8,271,2x2x1,PD2_s51,99500,cn<=5,0.34,-5.2471,,"seam band (86 atoms) minimised; core, bottom layers and the rest of the periphery fixed; occupancy unchanged",4,0.057,0.1,0.671,0.171,1.103,2,0.234,0.0,0.0,1,0.234,0,0.186,1,0.0
PA1_s11_f005000_a4190_8x8__U+0.39,A,train,8x8,297,2x2x1,PA1_s11,5000,cn6-7,0.39,-5.2971,,no repair needed,0,0.038,0.177,0.43,0.354,1.208,2,0.641,0.0,0.0,1,0.641,0,0.354,0,0.0
PA1_s11_f005000_a4568_8x8__U-0.35,A,train,8x8,278,2x2x1,PA1_s11,5000,cn6-7,-0.35,-4.5571,,no repair needed,0,0.051,0.19,0.418,0.342,1.129,2,0.344,0.0,0.0,2,0.328,0,0.291,0,0.0
PA1_s11_f010000_a4116_8x8__U+0.03,A,train,8x8,291,2x2x1,PA1_s11,10000,cn<=5,0.03,-4.9371,,"seam band (124 atoms) minimised; core, bottom layers and the rest of the periphery fixed; occupancy unchanged",0,0.037,0.212,0.375,0.375,1.136,2,0.562,0.016,0.0,1,0.562,0,0.388,0,0.016
PA1_s11_f010000_a4154_8x8__U+0.05,A,train,8x8,278,2x2x1,PA1_s11,10000,cn<=5,0.05,-4.9571,,"seam band (101 atoms) minimised; core, bottom layers and the rest of the periphery fixed; occupancy unchanged",0,0.052,0.182,0.455,0.312,1.146,2,0.344,0.0,0.0,1,0.344,0,0.26,1,0.0
PA1_s11_f082500_a3340_8x8__U+0.33,A,train,8x8,280,2x2x1,PA1_s11,82500,cn8-9,0.33,-5.2371,,no repair needed,3,0.014,0.208,0.597,0.181,1.222,2,0.391,0.016,0.0,1,0.391,0,0.347,1,0.016
PA1_s11_f082500_a4560_8x8__U-0.13,A,train,8x8,290,2x2x1,PA1_s11,82500,cn8-9,-0.13,-4.7771,,"seam band (110 atoms) minimised; core, bottom layers and the rest of the periphery fixed; occupancy unchanged",5,0.062,0.175,0.4,0.362,1.28,2,0.547,0.0,0.0,1,0.547,0,0.388,0,0.0
PA1_s11_f089500_a3777_8x8__U-0.11,A,train,8x8,280,2x2x1,PA1_s11,89500,cn>=10,-0.11,-4.7971,,no repair needed,0,0.0,0.192,0.644,0.164,1.154,2,0.375,0.0,0.0,1,0.375,0,0.288,0,0.0
PA1_s11_f093000_a4139_8x8__U-0.27,A,train,8x8,290,2x2x1,PA1_s11,93000,cn8-9,-0.27,-4.6371,,"seam band (114 atoms) minimised; core, bottom layers and the rest of the periphery fixed; occupancy unchanged",6,0.099,0.185,0.321,0.395,1.158,2,0.547,0.016,0.0,2,0.422,0,0.346,0,0.016
PA1_s11_f096500_a3733_8x8__U-0.37,A,train,8x8,287,2x2x1,PA1_s11,96500,cn>=10,-0.37,-4.5371,,"seam band (106 atoms) minimised; core, bottom layers and the rest of the periphery fixed; occupancy unchanged",6,0.074,0.198,0.321,0.407,1.182,2,0.484,0.0,0.0,1,0.484,0,0.333,0,0.0
PA1_s11_f099500_a3433_10x8__U-0.40,A,train,10x8,373,2x2x1,PA1_s11,99500,cn>=10,-0.4,-4.5071,,"seam band (143 atoms) minimised; core, bottom layers and the rest of the periphery fixed; occupancy unchanged",2,0.0,0.306,0.398,0.296,1.17,2,0.725,0.05,0.0,1,0.725,0,0.439,6,0.05
PA1_s23_f005000_a4199_8x8__U-0.07,A,train,8x8,277,2x2x1,PA1_s23,5000,cn<=5,-0.07,-4.8371,,no repair needed,0,0.027,0.164,0.562,0.247,1.155,2,0.328,0.0,0.0,1,0.328,0,0.288,0,0.0
PA1_s23_f005000_a4488_8x8__U+0.11,A,train,8x8,289,2x2x1,PA1_s23,5000,cn<=5,0.11,-5.0171,,no repair needed,5,0.098,0.183,0.293,0.427,1.243,2,0.516,0.0,0.0,2,0.5,0,0.366,1,0.0
PA1_s23_f089500_a3385_8x8__U-0.39,A,train,8x8,290,2x2x1,PA1_s23,89500,cn6-7,-0.39,-4.5171,,"seam band (107 atoms) minimised; core, bottom layers and the rest of the periphery fixed; occupancy unchanged",1,0.013,0.263,0.487,0.237,1.131,2,0.594,0.062,0.0,1,0.594,0,0.395,0,0.062
PA1_s23_f089500_a3835_8x8__U+0.21,A,train,8x8,280,2x2x1,PA1_s23,89500,cn>=10,0.21,-5.1171,,"seam band (88 atoms) minimised; core, bottom layers and the rest of the periphery fixed; occupancy unchanged",1,0.0,0.213,0.573,0.213,1.173,2,0.375,0.0,0.0,1,0.375,0,0.293,9,0.0
PA1_s23_f096500_a3414_8x8__U-0.10,A,train,8x8,287,2x2x1,PA1_s23,96500,cn6-7,-0.1,-4.8071,,"seam band (103 atoms) minimised; core, bottom layers and the rest of the periphery fixed; occupancy unchanged",5,0.085,0.207,0.329,0.378,1.149,2,0.516,0.031,0.0,1,0.516,0,0.39,0,0.031
PA1_s23_f096500_a3530_10x8__U-0.01,A,train,10x8,355,2x2x1,PA1_s23,96500,cn>=10,-0.01,-4.8971,,"seam band (117 atoms) minimised; core, bottom layers and the rest of the periphery fixed; occupancy unchanged",6,0.071,0.184,0.398,0.347,1.145,2,0.438,0.0,0.0,2,0.312,0,0.276,0,0.0
PA1_s23_f099500_a4124_8x8__U-0.24,A,train,8x8,279,2x2x1,PA1_s23,99500,cn<=5,-0.24,-4.6671,,"seam band (94 atoms) minimised; core, bottom layers and the rest of the periphery fixed; occupancy unchanged",0,0.027,0.176,0.554,0.243,1.381,2,0.359,0.0,0.0,1,0.359,0,0.297,0,0.0
PA1_s37_f082500_a4154_8x8__U-0.39,A,train,8x8,281,2x2x1,PA1_s37,82500,cn<=5,-0.39,-4.5171,,no repair needed,0,0.014,0.208,0.611,0.167,1.175,2,0.438,0.047,0.0,1,0.438,0,0.306,0,0.047
PA1_s37_f082500_a4544_8x8__U-0.13,A,train,8x8,278,2x2x1,PA1_s37,82500,cn<=5,-0.13,-4.7771,,"seam band (108 atoms) minimised; core, bottom layers and the rest of the periphery fixed; occupancy unchanged",1,0.013,0.213,0.573,0.2,1.322,2,0.344,0.016,0.0,1,0.344,0,0.293,7,0.0
PA1_s37_f099500_a3268_8x8__U+0.08,A,train,8x8,295,2x2x1,PA1_s37,99500,cn8-9,0.08,-4.9871,,"seam band (115 atoms) minimised; core, bottom layers and the rest of the periphery fixed; occupancy unchanged",2,0.026,0.208,0.481,0.286,1.083,2,0.656,0.047,0.0,1,0.656,0,0.442,1,0.047
PA1_s37_f099500_a3366_8x8__U-0.41,A,train,8x8,293,2x2x1,PA1_s37,99500,cn>=10,-0.41,-4.4971,,"seam band (108 atoms) minimised; core, bottom layers and the rest of the periphery fixed; occupancy unchanged",2,0.013,0.218,0.462,0.308,1.113,2,0.578,0.0,0.0,1,0.578,0,0.359,0,0.0
PA1_s51_f005000_a3161_8x8__U-0.12,A,train,8x8,277,2x2x1,PA1_s51,5000,cn<=5,-0.12,-4.7871,,no repair needed,1,0.054,0.203,0.541,0.203,1.247,2,0.344,0.016,0.0,2,0.312,0,0.297,0,0.016
PA1_s51_f005000_a4578_8x8__U+0.48,A,train,8x8,284,2x2x1,PA1_s51,5000,cn6-7,0.48,-5.3871,,"seam band (106 atoms) minimised; core, bottom layers and the rest of the periphery fixed; occupancy unchanged",1,0.089,0.139,0.367,0.405,1.087,2,0.438,0.0,0.0,3,0.391,0,0.316,0,0.0
PA1_s51_f010000_a4026_8x8__U+0.37,A,train,8x8,274,2x2x1,PA1_s51,10000,cn8-9,0.37,-5.2771,,"seam band (87 atoms) minimised; core, bottom layers and the rest of the periphery fixed; occupancy unchanged",0,0.027,0.176,0.581,0.216,1.085,2,0.297,0.016,0.0,1,0.297,0,0.257,0,0.016
PA1_s51_f082500_a3617_8x8__U-0.42,A,train,8x8,281,2x2x1,PA1_s51,82500,cn6-7,-0.42,-4.4871,,"seam band (107 atoms) minimised; core, bottom layers and the rest of the periphery fixed; occupancy unchanged",0,0.0,0.219,0.548,0.233,1.185,2,0.406,0.016,0.0,1,0.406,0,0.26,0,0.016
PA1_s51_f082500_a4161_8x8__U-0.42,A,train,8x8,277,2x2x1,PA1_s51,82500,cn6-7,-0.42,-4.4871,,"seam band (97 atoms) minimised; core, bottom layers and the rest of the periphery fixed; occupancy unchanged",2,0.014,0.176,0.649,0.162,1.103,2,0.344,0.016,0.0,1,0.344,0,0.297,0,0.016
PA1_s51_f086000_a3690_8x8__U-0.27,A,train,8x8,289,2x2x1,PA1_s51,86000,cn>=10,-0.27,-4.6371,,"seam band (103 atoms) minimised; core, bottom layers and the rest of the periphery fixed; occupancy unchanged",8,0.111,0.173,0.333,0.383,1.094,2,0.516,0.0,0.0,2,0.391,0,0.321,0,0.0
PA1_s51_f086000_a4314_8x8__U+0.30,A,train,8x8,288,2x2x1,PA1_s51,86000,cn<=5,0.3,-5.2071,,no repair needed,8,0.111,0.198,0.346,0.346,1.415,2,0.5,0.0,0.0,2,0.375,0,0.321,1,0.0
PA1_s51_f089500_a4318_10x8__U+0.36,A,train,10x8,350,2x2x1,PA1_s51,89500,cn8-9,0.36,-5.2671,,"seam band (123 atoms) minimised; core, bottom layers and the rest of the periphery fixed; occupancy unchanged",2,0.011,0.16,0.617,0.213,1.223,2,0.388,0.012,0.0,1,0.388,0,0.277,7,0.012
PA1_s51_f093000_a4085_8x8__U+0.24,A,train,8x8,280,2x2x1,PA1_s51,93000,cn>=10,0.24,-5.1471,,no repair needed,0,0.0,0.216,0.541,0.243,1.303,2,0.391,0.016,0.0,1,0.391,0,0.284,0,0.016
PA1_s51_f096500_a4100_8x8__U-0.13,A,train,8x8,283,2x2x1,PA1_s51,96500,cn8-9,-0.13,-4.7771,,no repair needed,0,0.0,0.208,0.556,0.236,1.187,2,0.438,0.016,0.0,1,0.438,0,0.292,0,0.016
PA2_s11_f010000_a3776_8x8__U+0.20,A,train,8x8,306,2x2x1,PA2_s11,10000,cn6-7,0.2,-5.1071,,"seam band (113 atoms) minimised; core, bottom layers and the rest of the periphery fixed; occupancy unchanged",8,0.027,0.192,0.521,0.26,1.221,2,0.781,0.016,0.0,1,0.781,0,0.301,1,0.0
PA2_s11_f086000_a4445_8x8__U-0.26,A,train,8x8,311,2x2x1,PA2_s11,86000,cn8-9,-0.26,-4.6471,,"seam band (114 atoms) minimised; core, bottom layers and the rest of the periphery fixed; occupancy unchanged",5,0.0,0.225,0.62,0.155,1.187,2,0.891,0.031,0.0,1,0.891,0,0.282,0,0.031
PA2_s11_f096500_a4267_8x8__U+0.41,A,train,8x8,318,2x2x1,PA2_s11,96500,cn8-9,0.41,-5.3171,,"seam band (135 atoms) minimised; core, bottom layers and the rest of the periphery fixed; occupancy unchanged",0,0.0,0.045,0.909,0.045,1.096,2,0.984,0.016,0.0,1,0.984,0,0.121,0,0.016
PA2_s11_f096500_a4570_8x8__U+0.50,A,train,8x8,308,2x2x1,PA2_s11,96500,cn6-7,0.5,-5.4071,,"seam band (123 atoms) minimised; core, bottom layers and the rest of the periphery fixed; occupancy unchanged",12,0.0,0.275,0.623,0.101,1.191,2,0.875,0.062,0.0,1,0.875,0,0.362,0,0.062
PA2_s23_f005000_a3536_8x8__U+0.41,A,train,8x8,281,2x2x1,PA2_s23,5000,cn>=10,0.41,-5.3171,,"seam band (101 atoms) minimised; core, bottom layers and the rest of the periphery fixed; occupancy unchanged",7,0.0,0.26,0.548,0.192,1.182,2,0.406,0.031,0.0,1,0.406,0,0.288,1,0.016
PA2_s23_f082500_a3799_8x8__U+0.27,A,train,8x8,303,2x2x1,PA2_s23,82500,cn<=5,0.27,-5.1771,,no repair needed,7,0.027,0.176,0.595,0.203,1.178,2,0.734,0.0,0.0,1,0.734,0,0.284,0,0.0
PA2_s23_f086000_a4390_8x8__U-0.37,A,train,8x8,316,2x2x1,PA2_s23,86000,cn8-9,-0.37,-4.5371,,no repair needed,5,0.0,0.172,0.828,0.0,0.235,1,1.0,0.047,0.0,1,1.0,0,0.219,0,0.047
PA2_s23_f093000_a4142_8x8__U+0.29,A,train,8x8,312,2x2x1,PA2_s23,93000,cn8-9,0.29,-5.1971,,"seam band (123 atoms) minimised; core, bottom layers and the rest of the periphery fixed; occupancy unchanged",4,0.0,0.125,0.722,0.153,1.069,2,0.891,0.016,0.0,1,0.891,0,0.25,0,0.016
PA2_s23_f096500_a4385_8x8__U+0.11,A,train,8x8,306,2x2x1,PA2_s23,96500,cn8-9,0.11,-5.0171,,no repair needed,5,0.0,0.208,0.569,0.222,1.21,2,0.797,0.0,0.0,1,0.797,0,0.264,0,0.0
PB1_s11_f010000_a4173_8x8__U-0.07,B,train,8x8,277,2x2x1,PB1_s11,10000,cn6-7,-0.07,-4.8371,,"seam band (95 atoms) minimised; core, bottom layers and the rest of the periphery fixed; occupancy unchanged",0,0.053,0.133,0.587,0.227,2.123,3,0.359,0.062,0.031,1,0.359,1,0.347,2,0.031
PB1_s11_f082500_a3407_8x8__U+0.37,B,train,8x8,271,2x2x1,PB1_s11,82500,cn>=10,0.37,-5.2771,,"seam band (95 atoms) minimised; core, bottom layers and the rest of the periphery fixed; occupancy unchanged",3,0.041,0.135,0.676,0.149,2.085,3,0.281,0.062,0.047,1,0.281,1,0.297,1,0.047
PB1_s11_f082500_a4035_8x8__U-0.14,B,train,8x8,275,2x2x1,PB1_s11,82500,cn8-9,-0.14,-4.7671,,"seam band (89 atoms) minimised; core, bottom layers and the rest of the periphery fixed; occupancy unchanged",4,0.038,0.139,0.582,0.241,2.153,3,0.312,0.016,0.047,1,0.312,1,0.342,2,0.016
PB1_s11_f086000_a3911_8x8__U+0.38,B,train,8x8,260,2x2x1,PB1_s11,86000,cn8-9,0.38,-5.2871,,"seam band (88 atoms) minimised; core, bottom layers and the rest of the periphery fixed; occupancy unchanged",2,0.044,0.029,0.868,0.059,0.99,2,0.062,0.0,0.0,1,0.062,0,0.074,0,0.0
PB1_s11_f096500_a4201_8x8__U+0.05,B,train,8x8,259,2x2x1,PB1_s11,96500,cn<=5,0.05,-4.9571,,"seam band (84 atoms) minimised; core, bottom layers and the rest of the periphery fixed; occupancy unchanged",0,0.014,0.087,0.826,0.072,1.824,2,0.047,0.125,0.047,1,0.047,1,0.319,9,0.0
PB1_s23_f096500_a3965_8x8__U+0.03,B,train,8x8,292,2x2x1,PB1_s23,96500,cn>=10,0.03,-4.9371,,"seam band (104 atoms) minimised; core, bottom layers and the rest of the periphery fixed; occupancy unchanged",4,0.0,0.216,0.541,0.243,1.178,2,0.562,0.0,0.0,1,0.562,0,0.297,0,0.0
PB1_s23_f099500_a4041_8x8__U-0.31,B,train,8x8,272,2x2x1,PB1_s23,99500,cn>=10,-0.31,-4.5971,,"seam band (84 atoms) minimised; core, bottom layers and the rest of the periphery fixed; occupancy unchanged",4,0.056,0.111,0.736,0.097,1.034,2,0.281,0.031,0.0,1,0.281,0,0.264,0,0.031
PB1_s37_f005000_a3081_8x8__U+0.17,B,train,8x8,265,2x2x1,PB1_s37,5000,cn6-7,0.17,-5.0771,,"seam band (91 atoms) minimised; core, bottom layers and the rest of the periphery fixed; occupancy unchanged",4,0.042,0.085,0.718,0.155,1.063,2,0.141,0.0,0.0,1,0.141,0,0.183,0,0.0
PB1_s37_f005000_a3375_8x8__U+0.47,B,train,8x8,305,2x2x1,PB1_s37,5000,cn8-9,0.47,-5.3771,,"seam band (103 atoms) minimised; core, bottom layers and the rest of the periphery fixed; occupancy unchanged",1,0.014,0.164,0.63,0.192,1.203,2,0.781,0.016,0.0,1,0.781,0,0.356,0,0.016
PB1_s37_f082500_a2643_10x8__U-0.31,B,train,10x8,336,2x2x1,PB1_s37,82500,cn>=10,-0.31,-4.5971,,"seam band (119 atoms) minimised; core, bottom layers and the rest of the periphery fixed; occupancy unchanged",9,0.043,0.109,0.728,0.12,1.892,3,0.2,0.075,0.013,1,0.2,1,0.337,7,0.0
PB1_s37_f089500_a3134_8x8__U+0.44,B,train,8x8,261,2x2x1,PB1_s37,89500,cn8-9,0.44,-5.3471,,"seam band (89 atoms) minimised; core, bottom layers and the rest of the periphery fixed; occupancy unchanged",10,0.027,0.082,0.836,0.055,1.971,3,0.062,0.203,0.062,1,0.062,3,0.384,14,-0.016
PB1_s37_f089500_a3920_8x8__U-0.05,B,train,8x8,267,2x2x1,PB1_s37,89500,cn8-9,-0.05,-4.8571,,"seam band (93 atoms) minimised; core, bottom layers and the rest of the periphery fixed; occupancy unchanged",4,0.043,0.071,0.7,0.186,1.14,2,0.188,0.0,0.0,1,0.188,0,0.2,12,0.0
PB1_s37_f093000_a2820_8x8__U-0.37,B,train,8x8,258,2x2x1,PB1_s37,93000,cn6-7,-0.37,-4.5371,,"seam band (83 atoms) minimised; core, bottom layers and the rest of the periphery fixed; occupancy unchanged",12,0.039,0.184,0.658,0.118,1.681,2,0.047,0.547,0.141,2,0.031,3,0.579,36,0.0
PB1_s37_f093000_a3443_10x8__U+0.16,B,train,10x8,375,2x2x1,PB1_s37,93000,cn<=5,0.16,-5.0671,,"seam band (145 atoms) minimised; core, bottom layers and the rest of the periphery fixed; occupancy unchanged",10,0.034,0.202,0.64,0.124,2.098,3,0.775,0.088,0.025,1,0.775,1,0.382,1,0.088
PB1_s37_f096500_a3696_8x8__U+0.33,B,train,8x8,267,2x2x1,PB1_s37,96500,cn<=5,0.33,-5.2371,,"seam band (89 atoms) minimised; core, bottom layers and the rest of the periphery fixed; occupancy unchanged",5,0.093,0.093,0.667,0.147,1.004,2,0.203,0.031,0.0,1,0.203,0,0.28,7,0.031
PB1_s37_f096500_a3843_10x8__U+0.08,B,train,10x8,327,2x2x1,PB1_s37,96500,cn6-7,0.08,-4.9871,,"seam band (102 atoms) minimised; core, bottom layers and the rest of the periphery fixed; occupancy unchanged",6,0.022,0.067,0.856,0.056,1.831,2,0.05,0.275,0.025,2,0.025,1,0.322,28,-0.05
PB1_s37_f099500_a4223_8x8__U+0.43,B,train,8x8,285,2x2x1,PB1_s37,99500,cn8-9,0.43,-5.3371,,"seam band (94 atoms) minimised; core, bottom layers and the rest of the periphery fixed; occupancy unchanged",3,0.013,0.19,0.646,0.152,2.118,3,0.5,0.078,0.062,1,0.5,4,0.456,35,0.031
PB1_s51_f010000_a4156_8x8__U+0.36,B,train,8x8,264,2x2x1,PB1_s51,10000,cn<=5,0.36,-5.2671,,"seam band (89 atoms) minimised; core, bottom layers and the rest of the periphery fixed; occupancy unchanged",0,0.029,0.101,0.754,0.116,1.083,2,0.125,0.0,0.0,1,0.125,0,0.13,0,0.0
PB1_s51_f082500_a3929_8x8__U+0.46,B,train,8x8,302,2x2x1,PB1_s51,82500,cn>=10,0.46,-5.3671,,"seam band (98 atoms) minimised; core, bottom layers and the rest of the periphery fixed; occupancy unchanged",6,0.0,0.293,0.507,0.2,1.202,2,0.797,0.078,0.0,1,0.797,0,0.48,31,0.078
PB1_s51_f082500_a4236_8x8__U-0.44,B,train,8x8,305,2x2x1,PB1_s51,82500,cn8-9,-0.44,-4.4671,,"seam band (120 atoms) minimised; core, bottom layers and the rest of the periphery fixed; occupancy unchanged",5,0.013,0.25,0.55,0.188,2.138,3,0.875,0.094,0.062,1,0.875,1,0.588,13,0.094
PB1_s51_f086000_a4028_8x8__U-0.09,B,train,8x8,306,2x2x1,PB1_s51,86000,cn>=10,-0.09,-4.8171,,"seam band (120 atoms) minimised; core, bottom layers and the rest of the periphery fixed; occupancy unchanged",5,0.0,0.295,0.513,0.192,1.356,2,0.875,0.078,0.0,1,0.875,0,0.538,13,0.078
PB1_s51_f089500_a3454_8x8__U+0.19,B,train,8x8,256,2x2x1,PB1_s51,89500,cn6-7,0.19,-5.0971,,"seam band (89 atoms) minimised; core, bottom layers and the rest of the periphery fixed; occupancy unchanged",10,0.012,0.259,0.519,0.21,2.039,3,0.016,0.312,0.25,1,0.016,4,0.568,21,0.0
PB1_s51_f089500_a4164_8x8__U+0.47,B,train,8x8,270,2x2x1,PB1_s51,89500,cn8-9,0.47,-5.3771,,"seam band (85 atoms) minimised; core, bottom layers and the rest of the periphery fixed; occupancy unchanged",5,0.042,0.099,0.704,0.155,1.15,2,0.219,0.0,0.0,2,0.203,0,0.225,0,0.0
PB1_s51_f093000_a3395_8x8__U+0.16,B,train,8x8,255,2x2x1,PB1_s51,93000,cn8-9,0.16,-5.0671,,no repair needed,5,0.0,0.145,0.684,0.171,1.204,2,0.0,0.172,0.203,0,0.0,2,0.434,10,0.016
PB1_s51_f093000_a4156_8x8__U+0.36,B,train,8x8,261,2x2x1,PB1_s51,93000,cn<=5,0.36,-5.2671,,"seam band (84 atoms) minimised; core, bottom layers and the rest of the periphery fixed; occupancy unchanged",6,0.028,0.141,0.775,0.056,2.037,3,0.031,0.188,0.016,2,0.016,1,0.31,18,-0.062
PB1_s51_f096500_a4239_10x8__U-0.19,B,train,10x8,366,2x2x1,PB1_s51,96500,cn>=10,-0.19,-4.7171,,"seam band (133 atoms) minimised; core, bottom layers and the rest of the periphery fixed; occupancy unchanged",7,0.03,0.222,0.394,0.354,1.255,2,0.6,0.025,0.0,1,0.6,0,0.394,0,0.025
PB1_s51_f099500_a4156_10x8__U-0.38,B,train,10x8,321,2x2x1,PB1_s51,99500,cn<=5,-0.38,-4.5271,,"seam band (105 atoms) minimised; core, bottom layers and the rest of the periphery fixed; occupancy unchanged",4,0.01,0.177,0.656,0.156,2.04,3,0.013,0.4,0.175,1,0.013,2,0.51,34,-0.012
PB2_s11_f005000_a3202_10x8__U-0.07,B,train,10x8,338,2x2x1,PB2_s11,5000,cn8-9,-0.07,-4.8371,,"seam band (113 atoms) minimised; core, bottom layers and the rest of the periphery fixed; occupancy unchanged",5,0.044,0.11,0.736,0.11,0.978,2,0.212,0.188,0.0,2,0.2,0,0.352,17,-0.012
PB2_s11_f005000_a4316_8x8__U-0.20,B,train,8x8,280,2x2x1,PB2_s11,5000,cn<=5,-0.2,-4.7071,,"seam band (108 atoms) minimised; core, bottom layers and the rest of the periphery fixed; occupancy unchanged",10,0.064,0.218,0.385,0.333,1.221,2,0.375,0.0,0.0,1,0.375,0,0.321,0,0.0
PB2_s11_f010000_a4335_8x8__U+0.23,B,train,8x8,292,2x2x1,PB2_s11,10000,cn8-9,0.23,-5.1371,,no repair needed,11,0.037,0.25,0.362,0.35,1.169,2,0.562,0.0,0.0,1,0.562,0,0.388,0,0.0
PB2_s11_f082500_a3964_8x8__U-0.46,B,train,8x8,267,2x2x1,PB2_s11,82500,cn<=5,-0.46,-4.4471,,"seam band (92 atoms) minimised; core, bottom layers and the rest of the periphery fixed; occupancy unchanged",5,0.029,0.129,0.757,0.086,1.138,2,0.188,0.016,0.0,1,0.188,0,0.2,0,0.016
PB2_s11_f093000_a4444_8x8__U-0.01,B,train,8x8,269,2x2x1,PB2_s11,93000,cn<=5,-0.01,-4.8971,,"seam band (96 atoms) minimised; core, bottom layers and the rest of the periphery fixed; occupancy unchanged",9,0.04,0.147,0.573,0.24,2.099,3,0.25,0.031,0.078,1,0.25,1,0.293,0,0.031
PB2_s11_f096500_a3714_8x8__U+0.25,B,train,8x8,284,2x2x1,PB2_s11,96500,cn6-7,0.25,-5.1571,,"seam band (105 atoms) minimised; core, bottom layers and the rest of the periphery fixed; occupancy unchanged",10,0.051,0.244,0.333,0.372,1.153,2,0.438,0.0,0.0,1,0.438,0,0.359,0,0.0
PB2_s23_f005000_a3436_8x8__U-0.29,B,train,8x8,307,2x2x1,PB2_s23,5000,cn>=10,-0.29,-4.6171,,"seam band (118 atoms) minimised; core, bottom layers and the rest of the periphery fixed; occupancy unchanged",5,0.014,0.123,0.644,0.219,1.18,2,0.828,0.031,0.0,1,0.828,0,0.356,0,0.031
PB2_s23_f005000_a4364_8x8__U-0.18,B,train,8x8,292,2x2x1,PB2_s23,5000,cn<=5,-0.18,-4.7271,,"seam band (118 atoms) minimised; core, bottom layers and the rest of the periphery fixed; occupancy unchanged",3,0.038,0.205,0.462,0.295,1.255,2,0.578,0.016,0.0,1,0.578,0,0.372,8,0.016
PB2_s23_f086000_a3634_8x8__U-0.28,B,train,8x8,301,2x2x1,PB2_s23,86000,cn8-9,-0.28,-4.6271,,"seam band (111 atoms) minimised; core, bottom layers and the rest of the periphery fixed; occupancy unchanged",7,0.014,0.292,0.569,0.125,1.175,2,0.781,0.141,0.0,1,0.781,0,0.444,4,0.078
PB2_s23_f086000_a4268_8x8__U-0.03,B,train,8x8,294,2x2x1,PB2_s23,86000,cn6-7,-0.03,-4.8771,,"seam band (114 atoms) minimised; core, bottom layers and the rest of the periphery fixed; occupancy unchanged",11,0.0,0.25,0.566,0.184,2.082,3,0.688,0.094,0.016,1,0.688,1,0.461,0,0.094
PB2_s23_f089500_a3887_8x8__U+0.20,B,train,8x8,290,2x2x1,PB2_s23,89500,cn8-9,0.2,-5.1071,,"seam band (120 atoms) minimised; core, bottom layers and the rest of the periphery fixed; occupancy unchanged",7,0.037,0.272,0.333,0.358,1.169,2,0.531,0.0,0.0,1,0.531,0,0.395,8,0.0
PB2_s23_f089500_a4423_8x8__U+0.02,B,train,8x8,317,2x2x1,PB2_s23,89500,cn8-9,0.02,-4.9271,,"seam band (127 atoms) minimised; core, bottom layers and the rest of the periphery fixed; occupancy unchanged",0,0.0,0.0,1.0,0.0,0.27,1,1.0,0.047,0.0,1,1.0,0,0.141,0,0.047
PB2_s23_f093000_a4359_8x8__U+0.06,B,train,8x8,272,2x2x1,PB2_s23,93000,cn6-7,0.06,-4.9671,,"seam band (89 atoms) minimised; core, bottom layers and the rest of the periphery fixed; occupancy unchanged",0,0.0,0.169,0.634,0.197,1.064,2,0.266,0.016,0.0,1,0.266,0,0.197,1,0.016
PC1_s11_f010000_a2754_8x8__U-0.12,C,train,8x8,254,2x2x1,PC1_s11,10000,cn>=10,-0.12,-4.7871,,no repair needed,0,0.0,0.104,0.836,0.06,1.115,2,0.0,0.031,0.078,0,0.0,1,0.134,0,0.031
PC1_s11_f082500_a2132_8x8__U+0.47,C,train,8x8,238,2x2x1,PC1_s11,82500,cn6-7,0.47,-5.3771,,"seam band (85 atoms) minimised; core, bottom layers and the rest of the periphery fixed; occupancy unchanged",3,0.014,0.164,0.63,0.192,1.094,2,0.0,0.25,0.391,0,0.0,1,0.342,0,0.25
PC1_s11_f082500_a3556_8x8__U+0.13,C,train,8x8,251,2x2x1,PC1_s11,82500,cn8-9,0.13,-5.0371,,"seam band (80 atoms) minimised; core, bottom layers and the rest of the periphery fixed; occupancy unchanged",5,0.0,0.103,0.809,0.088,1.158,2,0.0,0.047,0.109,0,0.0,1,0.206,0,0.047
PC1_s11_f086000_a2161_8x8__U+0.08,C,train,8x8,234,2x2x1,PC1_s11,86000,cn>=10,0.08,-4.9871,,"seam band (71 atoms) minimised; core, bottom layers and the rest of the periphery fixed; occupancy unchanged",0,0.0,0.16,0.587,0.253,1.107,2,0.0,0.312,0.484,0,0.0,1,0.36,0,0.312
PC1_s11_f086000_a2645_8x8__U+0.26,C,train,8x8,238,2x2x1,PC1_s11,86000,cn8-9,0.26,-5.1671,,"seam band (74 atoms) minimised; core, bottom layers and the rest of the periphery fixed; occupancy unchanged",7,0.0,0.189,0.554,0.257,1.148,2,0.0,0.25,0.406,0,0.0,1,0.351,0,0.25
PC1_s23_f005000_a3447_8x8__U-0.08,C,train,8x8,243,2x2x1,PC1_s23,5000,cn6-7,-0.08,-4.8271,,"seam band (74 atoms) minimised; core, bottom layers and the rest of the periphery fixed; occupancy unchanged",2,0.026,0.079,0.645,0.25,1.155,2,0.0,0.203,0.391,0,0.0,2,0.355,0,0.203
PC1_s23_f010000_a2544_8x8__U-0.24,C,train,8x8,243,2x2x1,PC1_s23,10000,cn>=10,-0.24,-4.6671,,no repair needed,7,0.013,0.171,0.539,0.276,1.218,2,0.0,0.203,0.391,0,0.0,1,0.329,0,0.203
PC1_s23_f082500_a2878_8x8__U+0.22,C,train,8x8,244,2x2x1,PC1_s23,82500,cn>=10,0.22,-5.1271,,"seam band (72 atoms) minimised; core, bottom layers and the rest of the periphery fixed; occupancy unchanged",5,0.014,0.135,0.649,0.203,1.178,2,0.0,0.188,0.344,0,0.0,2,0.351,0,0.188
PC1_s37_f005000_a3488_8x8__U+0.02,C,train,8x8,244,2x2x1,PC1_s37,5000,cn<=5,0.02,-4.9271,,no repair needed,2,0.014,0.153,0.681,0.153,1.196,2,0.0,0.188,0.297,0,0.0,1,0.306,1,0.172
PC1_s37_f010000_a3458_8x8__U+0.21,C,train,8x8,231,2x2x1,PC1_s37,10000,cn<=5,0.21,-5.1171,,"seam band (77 atoms) minimised; core, bottom layers and the rest of the periphery fixed; occupancy unchanged",12,0.051,0.215,0.392,0.342,1.124,2,0.0,0.406,0.609,0,0.0,1,0.405,2,0.375
PC1_s37_f086000_a2282_8x8__U+0.00,C,train,8x8,245,2x2x1,PC1_s37,86000,cn8-9,0.0,-4.9071,,"seam band (83 atoms) minimised; core, bottom layers and the rest of the periphery fixed; occupancy unchanged",0,0.0,0.129,0.757,0.114,1.129,2,0.0,0.125,0.219,0,0.0,1,0.286,0,0.125
PC1_s37_f089500_a3497_8x8__U-0.32,C,train,8x8,242,2x2x1,PC1_s37,89500,cn8-9,-0.32,-4.5871,,no repair needed,4,0.0,0.173,0.56,0.267,1.183,2,0.0,0.219,0.391,0,0.0,2,0.347,0,0.219
PC1_s37_f093000_a2394_8x8__U+0.31,C,train,8x8,239,2x2x1,PC1_s37,93000,cn6-7,0.31,-5.2171,,"seam band (76 atoms) minimised; core, bottom layers and the rest of the periphery fixed; occupancy unchanged",5,0.013,0.224,0.474,0.289,1.123,2,0.0,0.234,0.422,0,0.0,1,0.355,0,0.234
PC1_s37_f096500_a2555_8x8__U+0.46,C,train,8x8,240,2x2x1,PC1_s37,96500,cn>=10,0.46,-5.3671,,"seam band (68 atoms) minimised; core, bottom layers and the rest of the periphery fixed; occupancy unchanged",1,0.013,0.158,0.618,0.211,1.196,2,0.0,0.203,0.375,0,0.0,1,0.408,1,0.188
PC1_s37_f096500_a3416_8x8__U-0.14,C,train,8x8,228,2x2x1,PC1_s37,96500,cn8-9,-0.14,-4.7671,,"seam band (62 atoms) minimised; core, bottom layers and the rest of the periphery fixed; occupancy unchanged",8,0.026,0.234,0.429,0.312,1.187,2,0.0,0.438,0.609,0,0.0,1,0.39,2,0.406
PC1_s51_f089500_a2648_8x8__U-0.37,C,train,8x8,223,2x2x1,PC1_s51,89500,cn>=10,-0.37,-4.5371,,no repair needed,12,0.039,0.195,0.532,0.234,1.22,2,0.0,0.469,0.672,0,0.0,1,0.364,0,0.469
PC1_s51_f093000_a2316_8x8__U+0.26,C,train,8x8,248,2x2x1,PC1_s51,93000,cn>=10,0.26,-5.1671,,no repair needed,5,0.0,0.169,0.676,0.155,1.128,2,0.0,0.094,0.203,0,0.0,1,0.296,0,0.094
PC1_s51_f096500_a3585_8x8__U+0.48,C,train,8x8,217,2x2x1,PC1_s51,96500,cn<=5,0.48,-5.3871,,"seam band (69 atoms) minimised; core, bottom layers and the rest of the periphery fixed; occupancy unchanged",12,0.025,0.253,0.405,0.316,1.051,2,0.0,0.562,0.797,0,0.0,1,0.329,0,0.562
PC1_s51_f099500_a2714_8x8__U-0.42,C,train,8x8,214,2x2x1,PC1_s51,99500,cn>=10,-0.42,-4.4871,,"seam band (64 atoms) minimised; core, bottom layers and the rest of the periphery fixed; occupancy unchanged",11,0.026,0.244,0.41,0.321,1.047,2,0.0,0.641,0.844,0,0.0,1,0.308,1,0.625
PC1_s51_f099500_a2757_8x8__U-0.16,C,train,8x8,245,2x2x1,PC1_s51,99500,cn8-9,-0.16,-4.7471,,"seam band (73 atoms) minimised; core, bottom layers and the rest of the periphery fixed; occupancy unchanged",6,0.0,0.125,0.708,0.167,1.122,2,0.0,0.156,0.266,0,0.0,1,0.319,1,0.141
PC2_s11_f005000_a3130_8x8__U+0.48,C,train,8x8,202,2x2x1,PC2_s11,5000,cn<=5,0.48,-5.3871,,"seam band (50 atoms) minimised; core, bottom layers and the rest of the periphery fixed; occupancy unchanged",4,0.123,0.014,0.562,0.301,0.999,2,0.0,0.844,0.984,0,0.0,1,0.137,0,0.844
PC2_s11_f010000_a2078_8x8__U-0.08,C,train,8x8,206,2x2x1,PC2_s11,10000,cn8-9,-0.08,-4.8271,,"seam band (52 atoms) minimised; core, bottom layers and the rest of the periphery fixed; occupancy unchanged",9,0.067,0.12,0.6,0.213,1.07,2,0.0,0.781,0.953,0,0.0,1,0.187,0,0.781
PC2_s11_f010000_a2187_8x8__U-0.49,C,train,8x8,211,2x2x1,PC2_s11,10000,cn8-9,-0.49,-4.4171,,"seam band (56 atoms) minimised; core, bottom layers and the rest of the periphery fixed; occupancy unchanged",13,0.113,0.125,0.4,0.362,1.047,2,0.0,0.875,0.953,0,0.0,1,0.25,11,0.703
PC2_s11_f082500_a3108_8x8__U-0.46,C,train,8x8,206,2x2x1,PC2_s11,82500,cn8-9,-0.46,-4.4471,,no repair needed,6,0.097,0.056,0.583,0.264,1.19,2,0.0,0.781,0.906,0,0.0,1,0.194,0,0.781
PC2_s11_f086000_a3780_8x8__U+0.17,C,train,8x8,212,2x2x1,PC2_s11,86000,cn8-9,0.17,-5.0771,,no repair needed,12,0.053,0.171,0.474,0.303,1.169,2,0.0,0.672,0.859,0,0.0,1,0.263,0,0.672
PC2_s11_f093000_a2241_10x8__U-0.46,C,train,10x8,284,2x2x1,PC2_s11,93000,cn6-7,-0.46,-4.4471,,"seam band (70 atoms) minimised; core, bottom layers and the rest of the periphery fixed; occupancy unchanged",9,0.0,0.209,0.549,0.242,1.148,2,0.0,0.438,0.562,0,0.0,1,0.341,1,0.425
PC2_s11_f093000_a3110_8x8__U+0.38,C,train,8x8,209,2x2x1,PC2_s11,93000,cn8-9,0.38,-5.2871,,no repair needed,6,0.028,0.125,0.625,0.222,1.203,2,0.0,1.0,0.859,0,0.0,1,0.194,17,0.734
PC2_s11_f096500_a2153_8x8__U+0.05,C,train,8x8,205,2x2x1,PC2_s11,96500,cn>=10,0.05,-4.9571,,no repair needed,5,0.028,0.113,0.69,0.169,1.294,2,0.0,1.0,0.906,0,0.0,1,0.183,13,0.797
PC2_s11_f096500_a3088_8x8__U+0.17,C,train,8x8,203,2x2x1,PC2_s11,96500,cn<=5,0.17,-5.0771,,no repair needed,6,0.058,0.058,0.696,0.188,1.127,2,0.0,0.828,0.906,0,0.0,1,0.145,0,0.828
PC2_s11_f099500_a2544_8x8__U+0.14,C,train,8x8,234,2x2x1,PC2_s11,99500,cn<=5,0.14,-5.0471,,"seam band (75 atoms) minimised; core, bottom layers and the rest of the periphery fixed; occupancy unchanged",6,0.014,0.149,0.622,0.216,1.093,2,0.0,0.281,0.438,0,0.0,2,0.432,0,0.281
PC2_s23_f005000_a3613_8x8__U-0.21,C,train,8x8,247,2x2x1,PC2_s23,5000,cn<=5,-0.21,-4.6971,,"seam band (70 atoms) minimised; core, bottom layers and the rest of the periphery fixed; occupancy unchanged",5,0.038,0.203,0.506,0.253,1.254,2,0.0,0.328,0.375,0,0.0,1,0.43,12,0.141
PC2_s23_f010000_a3274_8x8__U+0.13,C,train,8x8,216,2x2x1,PC2_s23,10000,cn6-7,0.13,-5.0371,,"seam band (51 atoms) minimised; core, bottom layers and the rest of the periphery fixed; occupancy unchanged",12,0.026,0.171,0.513,0.289,1.194,2,0.0,0.625,0.812,0,0.0,1,0.289,0,0.625
PC2_s23_f010000_a3567_8x8__U+0.31,C,train,8x8,246,2x2x1,PC2_s23,10000,cn6-7,0.31,-5.2171,,no repair needed,8,0.039,0.195,0.532,0.234,1.205,2,0.0,0.234,0.359,0,0.0,1,0.377,5,0.156
PC2_s23_f082500_a2482_8x8__U+0.01,C,train,8x8,230,2x2x1,PC2_s23,82500,cn<=5,0.01,-4.9171,,"seam band (72 atoms) minimised; core, bottom layers and the rest of the periphery fixed; occupancy unchanged",9,0.013,0.187,0.573,0.227,1.271,2,0.0,0.438,0.578,0,0.0,1,0.293,2,0.406
PC2_s23_f082500_a3537_8x8__U-0.20,C,train,8x8,243,2x2x1,PC2_s23,82500,cn6-7,-0.2,-4.7071,,no repair needed,7,0.0,0.139,0.681,0.181,1.205,2,0.0,0.172,0.297,0,0.0,1,0.319,0,0.172
PC2_s23_f089500_a2937_8x8__U-0.23,C,train,8x8,244,2x2x1,PC2_s23,89500,cn<=5,-0.23,-4.6771,,no repair needed,9,0.027,0.147,0.613,0.213,1.213,2,0.0,0.234,0.328,0,0.0,1,0.373,5,0.156
PC2_s23_f089500_a2969_8x8__U+0.07,C,train,8x8,248,2x2x1,PC2_s23,89500,cn<=5,0.07,-4.9771,,no repair needed,6,0.027,0.123,0.685,0.164,1.21,2,0.0,0.172,0.234,0,0.0,1,0.329,5,0.094
PC2_s23_f096500_a3536_8x8__U-0.43,C,train,8x8,248,2x2x1,PC2_s23,96500,cn8-9,-0.43,-4.4771,,no repair needed,7,0.014,0.178,0.616,0.192,1.216,2,0.0,0.109,0.25,0,0.0,1,0.274,0,0.109
PC2_s23_f099500_a3441_8x8__U-0.08,C,train,8x8,209,2x2x1,PC2_s23,99500,cn<=5,-0.08,-4.8271,,no repair needed,10,0.041,0.151,0.616,0.192,1.181,2,0.0,0.719,0.844,0,0.0,1,0.233,1,0.703
PC2_s23_f099500_a3628_8x8__U-0.49,C,train,8x8,248,2x2x1,PC2_s23,99500,cn6-7,-0.49,-4.4171,,"seam band (78 atoms) minimised; core, bottom layers and the rest of the periphery fixed; occupancy unchanged",6,0.0,0.101,0.783,0.116,1.1,2,0.0,0.094,0.172,0,0.0,1,0.246,0,0.094
PD1_s11_f005000_a3390_8x8__U+0.18,D,train,8x8,268,2x2x1,PD1_s11,5000,cn8-9,0.18,-5.0871,,"seam band (97 atoms) minimised; core, bottom layers and the rest of the periphery fixed; occupancy unchanged",5,0.095,0.068,0.743,0.095,1.921,3,0.188,0.141,0.016,2,0.172,1,0.378,14,0.0
PD1_s11_f010000_a4534_8x8__U-0.08,D,train,8x8,308,2x2x1,PD1_s11,10000,cn<=5,-0.08,-4.8271,,no repair needed,6,0.025,0.275,0.362,0.338,1.325,2,0.812,0.0,0.0,1,0.812,0,0.525,0,0.0
PD1_s11_f082500_a4137_8x8__U+0.31,D,train,8x8,304,2x2x1,PD1_s11,82500,cn6-7,0.31,-5.2171,,"seam band (118 atoms) minimised; core, bottom layers and the rest of the periphery fixed; occupancy unchanged",8,0.0,0.205,0.589,0.205,1.078,2,0.828,0.078,0.0,1,0.828,0,0.411,0,0.078
PD1_s11_f089500_a4163_10x8__U-0.08,D,train,10x8,343,2x2x1,PD1_s11,89500,cn<=5,-0.08,-4.8271,,"seam band (120 atoms) minimised; core, bottom layers and the rest of the periphery fixed; occupancy unchanged",2,0.022,0.167,0.656,0.156,1.086,2,0.3,0.012,0.0,1,0.3,0,0.267,0,0.012
PD1_s11_f093000_a3608_8x8__U-0.08,D,train,8x8,304,2x2x1,PD1_s11,93000,cn>=10,-0.08,-4.8271,,"seam band (116 atoms) minimised; core, bottom layers and the rest of the periphery fixed; occupancy unchanged",5,0.013,0.171,0.566,0.25,1.138,2,0.766,0.016,0.0,1,0.766,0,0.289,0,0.016
PD1_s11_f096500_a4161_8x8__U+0.41,D,train,8x8,289,2x2x1,PD1_s11,96500,cn6-7,0.41,-5.3171,,"seam band (114 atoms) minimised; core, bottom layers and the rest of the periphery fixed; occupancy unchanged",12,0.062,0.272,0.358,0.309,2.124,3,0.594,0.078,0.031,1,0.594,1,0.395,0,0.078
PD1_s23_f005000_a4049_8x8__U-0.23,D,train,8x8,282,2x2x1,PD1_s23,5000,cn6-7,-0.23,-4.6771,,"seam band (99 atoms) minimised; core, bottom layers and the rest of the periphery fixed; occupancy unchanged",6,0.077,0.179,0.385,0.359,1.232,2,0.422,0.016,0.0,2,0.406,0,0.333,0,0.016
PD1_s23_f010000_a3876_8x8__U+0.23,D,train,8x8,304,2x2x1,PD1_s23,10000,cn>=10,0.23,-5.1371,,"seam band (124 atoms) minimised; core, bottom layers and the rest of the periphery fixed; occupancy unchanged",3,0.0,0.224,0.566,0.211,2.164,3,0.828,0.094,0.016,1,0.828,1,0.474,3,0.078
PD1_s23_f010000_a4448_8x8__U-0.26,D,train,8x8,307,2x2x1,PD1_s23,10000,cn6-7,-0.26,-4.6471,,"seam band (111 atoms) minimised; core, bottom layers and the rest of the periphery fixed; occupancy unchanged",1,0.027,0.135,0.568,0.27,1.184,2,0.797,0.0,0.0,1,0.797,0,0.324,0,0.0
PD1_s23_f086000_a4500_8x8__U+0.43,D,train,8x8,307,2x2x1,PD1_s23,86000,cn8-9,0.43,-5.3371,,"seam band (115 atoms) minimised; core, bottom layers and the rest of the periphery fixed; occupancy unchanged",2,0.0,0.141,0.69,0.169,1.165,2,0.891,0.078,0.0,1,0.891,0,0.451,0,0.078
PD1_s23_f096500_a3375_8x8__U+0.39,D,train,8x8,275,2x2x1,PD1_s23,96500,cn8-9,0.39,-5.2971,,"seam band (100 atoms) minimised; core, bottom layers and the rest of the periphery fixed; occupancy unchanged",7,0.0,0.194,0.597,0.208,1.175,2,0.297,0.0,0.0,1,0.297,0,0.236,0,0.0
PD1_s37_f005000_a4258_8x8__U+0.22,D,train,8x8,267,2x2x1,PD1_s37,5000,cn<=5,0.22,-5.1271,,"seam band (87 atoms) minimised; core, bottom layers and the rest of the periphery fixed; occupancy unchanged",7,0.108,0.054,0.608,0.23,2.118,3,0.188,0.016,0.016,1,0.188,1,0.203,3,0.016
PD1_s37_f005000_a4475_8x8__U-0.15,D,train,8x8,274,2x2x1,PD1_s37,5000,cn<=5,-0.15,-4.7571,,"seam band (95 atoms) minimised; core, bottom layers and the rest of the periphery fixed; occupancy unchanged",4,0.1,0.138,0.45,0.312,1.226,2,0.281,0.0,0.0,1,0.281,0,0.237,1,0.0
PD1_s37_f010000_a3209_8x8__U-0.39,D,train,8x8,287,2x2x1,PD1_s37,10000,cn>=10,-0.39,-4.5171,,"seam band (100 atoms) minimised; core, bottom layers and the rest of the periphery fixed; occupancy unchanged",2,0.063,0.203,0.367,0.367,1.16,2,0.5,0.016,0.0,2,0.469,0,0.329,1,0.016
PD1_s37_f010000_a3426_8x8__U-0.43,D,train,8x8,309,2x2x1,PD1_s37,10000,cn8-9,-0.43,-4.4771,,no repair needed,6,0.0,0.23,0.541,0.23,1.262,2,0.844,0.016,0.0,1,0.844,0,0.351,0,0.016
PD1_s37_f082500_a3592_8x8__U-0.18,D,train,8x8,302,2x2x1,PD1_s37,82500,cn<=5,-0.18,-4.7271,,"seam band (110 atoms) minimised; core, bottom layers and the rest of the periphery fixed; occupancy unchanged",6,0.027,0.164,0.644,0.164,1.172,2,0.766,0.047,0.0,1,0.766,0,0.37,0,0.047
PD1_s37_f082500_a4158_8x8__U-0.47,D,train,8x8,315,2x2x1,PD1_s37,82500,cn8-9,-0.47,-4.4371,,"seam band (129 atoms) minimised; core, bottom layers and the rest of the periphery fixed; occupancy unchanged",2,0.014,0.127,0.718,0.141,1.244,2,0.953,0.031,0.0,1,0.953,0,0.296,1,0.031
PD1_s37_f086000_a4303_8x8__U+0.35,D,train,8x8,272,2x2x1,PD1_s37,86000,cn6-7,0.35,-5.2571,,"seam band (95 atoms) minimised; core, bottom layers and the rest of the periphery fixed; occupancy unchanged",5,0.028,0.167,0.611,0.194,1.104,2,0.25,0.0,0.0,1,0.25,0,0.208,0,0.0
PD1_s37_f089500_a3481_8x8__U-0.23,D,train,8x8,268,2x2x1,PD1_s37,89500,cn8-9,-0.23,-4.6771,,"seam band (88 atoms) minimised; core, bottom layers and the rest of the periphery fixed; occupancy unchanged",8,0.042,0.111,0.625,0.222,1.114,2,0.188,0.0,0.0,1,0.188,0,0.153,0,0.0
PD1_s37_f099500_a3319_8x8__U+0.14,D,train,8x8,311,2x2x1,PD1_s37,99500,cn>=10,0.14,-5.0471,,no repair needed,7,0.014,0.176,0.649,0.162,1.299,2,0.906,0.047,0.0,1,0.906,0,0.351,1,0.047
PD1_s37_f099500_a4361_8x8__U+0.26,D,train,8x8,315,2x2x1,PD1_s37,99500,cn8-9,0.26,-5.1671,,"seam band (127 atoms) minimised; core, bottom layers and the rest of the periphery fixed; occupancy unchanged",0,0.0,0.076,0.879,0.045,1.117,2,0.984,0.047,0.0,1,0.984,0,0.227,0,0.047
PD1_s51_f010000_a3421_10x8__U+0.24,D,train,10x8,348,2x2x1,PD1_s51,10000,cn8-9,0.24,-5.1471,,"seam band (124 atoms) minimised; core, bottom layers and the rest of the periphery fixed; occupancy unchanged",2,0.069,0.139,0.495,0.297,1.982,3,0.362,0.012,0.037,1,0.362,1,0.356,0,0.012
PD1_s51_f010000_a4294_8x8__U+0.16,D,train,8x8,272,2x2x1,PD1_s51,10000,cn6-7,0.16,-5.0671,,"seam band (98 atoms) minimised; core, bottom layers and the rest of the periphery fixed; occupancy unchanged",4,0.09,0.115,0.577,0.218,1.106,2,0.25,0.0,0.0,2,0.188,0,0.244,0,0.0
PD1_s51_f082500_a3592_8x8__U+0.06,D,train,8x8,286,2x2x1,PD1_s51,82500,cn6-7,0.06,-4.9671,,"seam band (108 atoms) minimised; core, bottom layers and the rest of the periphery fixed; occupancy unchanged",8,0.0,0.216,0.595,0.189,1.142,2,0.484,0.016,0.0,1,0.484,0,0.257,2,0.016
PD1_s51_f086000_a3183_8x8__U-0.48,D,train,8x8,268,2x2x1,PD1_s51,86000,cn>=10,-0.48,-4.4271,,"seam band (93 atoms) minimised; core, bottom layers and the rest of the periphery fixed; occupancy unchanged",6,0.096,0.068,0.548,0.288,1.041,2,0.188,0.0,0.0,2,0.172,0,0.164,0,0.0
PD2_s11_f005000_a4324_8x8__U-0.34,D,train,8x8,285,2x2x1,PD2_s11,5000,cn<=5,-0.34,-4.5671,,"seam band (105 atoms) minimised; core, bottom layers and the rest of the periphery fixed; occupancy unchanged",7,0.062,0.235,0.333,0.37,1.307,2,0.469,0.016,0.0,2,0.453,0,0.37,8,0.016
PD2_s11_f005000_a4564_8x8__U+0.09,D,train,8x8,292,2x2x1,PD2_s11,5000,cn<=5,0.09,-4.9971,,"seam band (96 atoms) minimised; core, bottom layers and the rest of the periphery fixed; occupancy unchanged",6,0.123,0.173,0.346,0.358,2.167,3,0.609,0.047,0.016,1,0.609,1,0.42,0,0.047
PD2_s11_f010000_a3801_8x8__U-0.20,D,train,8x8,267,2x2x1,PD2_s11,10000,cn>=10,-0.2,-4.7071,,"seam band (87 atoms) minimised; core, bottom layers and the rest of the periphery fixed; occupancy unchanged",1,0.081,0.068,0.595,0.257,1.036,2,0.172,0.0,0.0,3,0.109,0,0.149,0,0.0
PD2_s11_f010000_a4186_8x8__U-0.34,D,train,8x8,265,2x2x1,PD2_s11,10000,cn<=5,-0.34,-4.5671,,"seam band (92 atoms) minimised; core, bottom layers and the rest of the periphery fixed; occupancy unchanged",5,0.123,0.0,0.644,0.233,1.028,2,0.141,0.0,0.0,3,0.062,0,0.123,0,0.0
PD2_s11_f086000_a4546_8x8__U+0.42,D,train,8x8,274,2x2x1,PD2_s11,86000,cn>=10,0.42,-5.3271,,"seam band (91 atoms) minimised; core, bottom layers and the rest of the periphery fixed; occupancy unchanged",4,0.0,0.2,0.587,0.213,1.174,2,0.297,0.016,0.0,1,0.297,0,0.28,1,0.016
PD2_s11_f089500_a4304_8x8__U-0.19,D,train,8x8,276,2x2x1,PD2_s11,89500,cn<=5,-0.19,-4.7171,,"seam band (91 atoms) minimised; core, bottom layers and the rest of the periphery fixed; occupancy unchanged",4,0.027,0.189,0.541,0.243,1.189,2,0.328,0.031,0.0,1,0.328,0,0.284,1,0.016
PD2_s11_f096500_a4119_8x8__U+0.14,D,train,8x8,307,2x2x1,PD2_s11,96500,cn8-9,0.14,-5.0471,,"seam band (117 atoms) minimised; core, bottom layers and the rest of the periphery fixed; occupancy unchanged",0,0.0,0.088,0.838,0.074,1.388,3,0.969,0.156,0.0,1,0.969,0,0.426,4,0.109
PD2_s11_f099500_a3969_8x8__U+0.31,D,train,8x8,297,2x2x1,PD2_s11,99500,cn>=10,0.31,-5.2171,,"seam band (108 atoms) minimised; core, bottom layers and the rest of the periphery fixed; occupancy unchanged",3,0.013,0.253,0.48,0.253,1.151,2,0.719,0.078,0.0,1,0.719,0,0.493,0,0.078
PD2_s11_f099500_a4579_8x8__U+0.03,D,train,8x8,281,2x2x1,PD2_s11,99500,cn8-9,0.03,-4.9371,,"seam band (98 atoms) minimised; core, bottom layers and the rest of the periphery fixed; occupancy unchanged",6,0.014,0.243,0.595,0.149,1.181,2,0.469,0.016,0.0,1,0.469,0,0.338,0,0.016
PD2_s23_f010000_a4228_8x8__U-0.11,D,train,8x8,285,2x2x1,PD2_s23,10000,cn<=5,-0.11,-4.7971,,"seam band (118 atoms) minimised; core, bottom layers and the rest of the periphery fixed; occupancy unchanged",5,0.062,0.212,0.362,0.362,1.103,2,0.484,0.031,0.0,1,0.484,0,0.338,0,0.031
PD2_s23_f010000_a4451_8x8__U-0.18,D,train,8x8,283,2x2x1,PD2_s23,10000,cn<=5,-0.18,-4.7271,,"seam band (107 atoms) minimised; core, bottom layers and the rest of the periphery fixed; occupancy unchanged",4,0.103,0.167,0.346,0.385,1.301,2,0.422,0.0,0.0,2,0.406,0,0.321,2,0.0
PD2_s23_f082500_a4242_8x8__U+0.41,D,train,8x8,305,2x2x1,PD2_s23,82500,cn8-9,0.41,-5.3171,,"seam band (121 atoms) minimised; core, bottom layers and the rest of the periphery fixed; occupancy unchanged",0,0.0,0.139,0.736,0.125,2.052,3,0.891,0.062,0.031,1,0.891,1,0.361,0,0.062
PD2_s23_f089500_a4347_10x8__U-0.08,D,train,10x8,363,2x2x1,PD2_s23,89500,cn<=5,-0.08,-4.8271,,"seam band (139 atoms) minimised; core, bottom layers and the rest of the periphery fixed; occupancy unchanged",11,0.021,0.196,0.505,0.278,1.557,2,0.55,0.012,0.0,1,0.55,0,0.34,1,0.012
PD2_s23_f093000_a4512_8x8__U+0.07,D,train,8x8,278,2x2x1,PD2_s23,93000,cn8-9,0.07,-4.9771,,"seam band (96 atoms) minimised; core, bottom layers and the rest of the periphery fixed; occupancy unchanged",4,0.053,0.171,0.461,0.316,1.197,2,0.344,0.0,0.0,1,0.344,0,0.289,0,0.0
PD2_s23_f096500_a4115_8x8__U-0.30,D,train,8x8,278,2x2x1,PD2_s23,96500,cn6-7,-0.3,-4.6071,,"seam band (99 atoms) minimised; core, bottom layers and the rest of the periphery fixed; occupancy unchanged",2,0.052,0.221,0.455,0.273,1.329,2,0.344,0.0,0.0,1,0.344,0,0.312,0,0.0
PA2_s37_f005000_a4468_8x8__U-0.07,A,val,8x8,271,2x2x1,PA2_s37,5000,cn<=5,-0.07,-4.8371,,"seam band (97 atoms) minimised; core, bottom layers and the rest of the periphery fixed; occupancy unchanged",14,0.014,0.192,0.658,0.137,1.047,2,0.234,0.0,0.0,1,0.234,0,0.219,1,0.0
PA2_s37_f010000_a4358_8x8__U+0.42,A,val,8x8,306,2x2x1,PA2_s37,10000,cn8-9,0.42,-5.3271,,no repair needed,8,0.014,0.208,0.556,0.222,1.229,2,0.797,0.016,0.0,1,0.797,0,0.319,1,0.016
PA2_s37_f082500_a3833_8x8__U-0.32,A,val,8x8,287,2x2x1,PA2_s37,82500,cn>=10,-0.32,-4.5871,,no repair needed,8,0.0,0.203,0.581,0.216,1.288,2,0.484,0.0,0.0,1,0.484,0,0.284,0,0.0
PA2_s37_f089500_a3499_10x8__U+0.30,A,val,10x8,339,2x2x1,PA2_s37,89500,cn8-9,0.3,-5.2071,,"seam band (128 atoms) minimised; core, bottom layers and the rest of the periphery fixed; occupancy unchanged",4,0.011,0.156,0.667,0.167,1.918,3,0.25,0.012,0.013,1,0.25,1,0.233,0,0.012
PA2_s37_f096500_a4009_8x8__U+0.21,A,val,8x8,289,2x2x1,PA2_s37,96500,cn6-7,0.21,-5.1171,,no repair needed,8,0.013,0.197,0.579,0.211,1.236,2,0.516,0.0,0.0,1,0.516,0,0.342,1,0.0
PB2_s37_f005000_a3999_8x8__U+0.03,B,val,8x8,277,2x2x1,PB2_s37,5000,cn8-9,0.03,-4.9371,,"seam band (101 atoms) minimised; core, bottom layers and the rest of the periphery fixed; occupancy unchanged",6,0.027,0.216,0.527,0.23,1.342,2,0.344,0.016,0.0,1,0.344,0,0.297,8,0.016
PB2_s37_f010000_a4315_10x8__U-0.33,B,val,10x8,340,2x2x1,PB2_s37,10000,cn6-7,-0.33,-4.5771,,"seam band (116 atoms) minimised; core, bottom layers and the rest of the periphery fixed; occupancy unchanged",5,0.044,0.11,0.648,0.198,1.182,2,0.263,0.012,0.0,1,0.263,0,0.22,0,0.012
PB2_s37_f089500_a3564_8x8__U-0.41,B,val,8x8,302,2x2x1,PB2_s37,89500,cn<=5,-0.41,-4.4971,,"seam band (111 atoms) minimised; core, bottom layers and the rest of the periphery fixed; occupancy unchanged",5,0.027,0.2,0.507,0.267,1.183,2,0.75,0.031,0.0,1,0.75,0,0.333,1,0.031
PB2_s37_f089500_a3629_8x8__U-0.16,B,val,8x8,271,2x2x1,PB2_s37,89500,cn>=10,-0.16,-4.7471,,"seam band (90 atoms) minimised; core, bottom layers and the rest of the periphery fixed; occupancy unchanged",10,0.053,0.133,0.573,0.24,1.074,2,0.234,0.0,0.0,1,0.234,0,0.2,1,0.0
PB2_s37_f096500_a4030_8x8__U-0.22,B,val,8x8,303,2x2x1,PB2_s37,96500,cn6-7,-0.22,-4.6871,,no repair needed,7,0.014,0.236,0.597,0.153,1.213,2,0.781,0.047,0.0,1,0.781,0,0.347,0,0.047
PC2_s37_f010000_a2394_8x8__U+0.25,C,val,8x8,243,2x2x1,PC2_s37,10000,cn>=10,0.25,-5.1571,,no repair needed,9,0.013,0.171,0.566,0.25,1.201,2,0.0,0.203,0.391,0,0.0,1,0.289,0,0.203
PC2_s37_f010000_a3701_8x8__U+0.48,C,val,8x8,243,2x2x1,PC2_s37,10000,cn8-9,0.48,-5.3871,,no repair needed,7,0.014,0.151,0.644,0.192,1.159,2,0.0,0.188,0.328,0,0.0,1,0.288,0,0.188
PC2_s37_f082500_a2818_8x8__U-0.14,C,val,8x8,212,2x2x1,PC2_s37,82500,cn>=10,-0.14,-4.7671,,"seam band (52 atoms) minimised; core, bottom layers and the rest of the periphery fixed; occupancy unchanged",4,0.067,0.12,0.52,0.293,1.066,2,0.0,0.688,0.859,0,0.0,1,0.267,0,0.688
PC2_s37_f086000_a2149_8x8__U-0.06,C,val,8x8,248,2x2x1,PC2_s37,86000,cn<=5,-0.06,-4.8471,,no repair needed,0,0.014,0.087,0.783,0.116,1.19,2,0.0,0.078,0.156,0,0.0,1,0.319,0,0.078
PC2_s37_f086000_a3399_8x8__U-0.48,C,val,8x8,226,2x2x1,PC2_s37,86000,cn6-7,-0.48,-4.4271,,"seam band (64 atoms) minimised; core, bottom layers and the rest of the periphery fixed; occupancy unchanged",16,0.051,0.192,0.397,0.359,1.154,2,0.0,0.469,0.688,0,0.0,1,0.359,0,0.469
PD2_s37_f005000_a4568_8x8__U-0.49,D,val,8x8,301,2x2x1,PD2_s37,5000,cn<=5,-0.49,-4.4171,,"seam band (114 atoms) minimised; core, bottom layers and the rest of the periphery fixed; occupancy unchanged",1,0.048,0.214,0.333,0.405,1.285,2,0.719,0.016,0.0,1,0.719,0,0.488,2,0.016
PD2_s37_f010000_a4591_8x8__U+0.39,D,val,8x8,300,2x2x1,PD2_s37,10000,cn8-9,0.39,-5.2971,,"seam band (123 atoms) minimised; core, bottom layers and the rest of the periphery fixed; occupancy unchanged",1,0.0,0.237,0.425,0.338,1.121,2,0.703,0.016,0.0,1,0.703,0,0.463,0,0.016
PD2_s37_f082500_a3634_8x8__U+0.30,D,val,8x8,303,2x2x1,PD2_s37,82500,cn6-7,0.3,-5.2071,,"seam band (117 atoms) minimised; core, bottom layers and the rest of the periphery fixed; occupancy unchanged",3,0.0,0.173,0.587,0.24,1.177,2,0.828,0.094,0.0,1,0.828,0,0.48,0,0.094
PD2_s37_f086000_a3305_10x8__U+0.07,D,val,10x8,349,2x2x1,PD2_s37,86000,cn>=10,0.07,-4.9771,,"seam band (124 atoms) minimised; core, bottom layers and the rest of the periphery fixed; occupancy unchanged",8,0.011,0.189,0.537,0.263,1.178,2,0.362,0.0,0.0,1,0.362,0,0.263,0,0.0
PD2_s37_f086000_a4132_8x8__U+0.16,D,val,8x8,302,2x2x1,PD2_s37,86000,cn6-7,0.16,-5.0671,,"seam band (114 atoms) minimised; core, bottom layers and the rest of the periphery fixed; occupancy unchanged",4,0.0,0.312,0.416,0.273,1.229,2,0.797,0.062,0.0,1,0.797,0,0.532,0,0.062
